MEMORY
  total             1.2 GB
  struct          159.2 KB
  buffer          587.1 KB
  arena             1.2 GB, used 0.5%

SIZES
  narena                1324351488
  nbuffer               601184
  nplugin               0
  maxuse_stack          281348
  maxuse_arena          6418760
  maxuse_con            1615
  maxuse_efc            4857
  ncon                  52
  ne                    0
  nf                    9
  nl                    0
  nefc                  165
  nJ                    6435
  nA                    0
  nisland               0
  nidof                 0
  threadpool            0

TIMER
    0:  duration =  18         number = 250
    1:  duration =  79         number = 520
    2:  duration =  0          number = 0
    3:  duration =  29         number = 521
    4:  duration =  2.6        number = 521
    5:  duration =  0.095      number = 520
    6:  duration =  46         number = 520
    7:  duration =  0.21       number = 249
    8:  duration =  1.7        number = 521
    9:  duration =  0.59       number = 521
    10:  duration =  21         number = 521
    11:  duration =  5.5        number = 521
    12:  duration =  0.013      number = 521
    13:  duration =  1.8        number = 521
    14:  duration =  15         number = 521

SOLVER STAT
  solver_fwdinv =   0         0       
ENERGY =   0         0       

TIME =  0.5     

QPOS
   0.011   
  -0.17    
   0.021   
  -2.5     
  -0.014   
   2.2     
   0.76    
   0.04    
  -0.04    
  -0.097   
  -0.17    
   0.43    
  -0.71    
   2.1e-07 
   1.3e-07 
   0.71    
  -0.21    
   0.0071  
   0.44    
  -0.71    
  -5.1e-07 
   6.1e-07 
   0.71    
  -0.039   
   0.11    
   0.44    
  -0.71    
  -8.9e-07 
  -3.7e-08 
   0.71    
   0.019   
  -0.29    
   0.44    
   0.71    
   1.1e-06 
  -6.8e-07 
   0.71    
  -0.0057  
   0.29    
   0.44    
   0.71    
   1.1e-06 
  -6.8e-07 
   0.71    

QVEL
   0       
   0       
   0       
   0       
   0       
   0       
   0       
   0       
   0       
   6e-18   
  -8.2e-17 
   4.6e-14 
  -2.7e-14 
  -3.7e-14 
  -9.7e-18 
  -3.7e-17 
  -8.6e-17 
   1.1e-13 
   1.9e-14 
   4.8e-14 
   2.2e-19 
   9.6e-19 
  -5.6e-18 
   1.3e-13 
  -2.9e-15 
   2.5e-14 
   5.9e-18 
   2e-17   
   6e-18   
   1.5e-13 
   8.1e-15 
   2.6e-15 
  -4.6e-19 
   1.1e-17 
   1.2e-17 
   1.5e-13 
   4.4e-15 
   4.8e-15 
  -1.1e-18 

QACC_WARMSTART
   0.00051 
   2.5     
   0.0035  
  -5.3     
  -0.00052 
   1.3     
   0.0023  
   2.6e-05 
   2.6e-05 
  -3.7e-14 
   4.9e-15 
  -3.4e-12 
  -5.7e-13 
   3.3e-12 
   4.9e-15 
   7.6e-15 
   4e-16   
  -7e-12   
  -3.6e-12 
  -6.6e-13 
  -1.7e-16 
  -5e-16   
   3e-15   
  -8.2e-12 
   1.7e-12 
  -1.5e-11 
  -3e-15   
   3.1e-16 
   1.8e-16 
  -8.7e-12 
  -3.6e-14 
  -3.7e-14 
   2.2e-16 
  -3e-15   
  -1.8e-15 
  -8.7e-12 
  -1.3e-12 
  -6.9e-13 
   5.4e-16 

CTRL
   0       
   0       
   0       
   0       
   0       
   0       
   0       
   0.04    
  -0.04    

QFRC_APPLIED
   0       
   0       
   0       
   0       
   0       
   0       
   0       
   0       
   0       
   0       
   0       
   0       
   0       
   0       
   0       
   0       
   0       
   0       
   0       
   0       
   0       
   0       
   0       
   0       
   0       
   0       
   0       
   0       
   0       
   0       
   0       
   0       
   0       
   0       
   0       
   0       
   0       
   0       
   0       

XFRC_APPLIED
   0         0         0         0         0         0       
   0         0         0         0         0         0       
   0         0         0         0         0         0       
   0         0         0         0         0         0       
   0         0         0         0         0         0       
   0         0         0         0         0         0       
   0         0         0         0         0         0       
   0         0         0         0         0         0       
   0         0         0         0         0         0       
   0         0         0         0         0         0       
   0         0         0         0         0         0       
   0         0         0         0         0         0       
   0         0         0         0         0         0       
   0         0         0         0         0         0       
   0         0         0         0         0         0       
   0         0         0         0         0         0       
   0         0         0         0         0         0       
   0         0         0         0         0         0       
   0         0         0         0         0         0       
   0         0         0         0         0         0       
   0         0         0         0         0         0       
   0         0         0         0         0         0       
   0         0         0         0         0         0       
   0         0         0         0         0         0       
   0         0         0         0         0         0       
   0         0         0         0         0         0       

QACC
   0.00051 
   2.5     
   0.0035  
  -5.3     
  -0.00052 
   1.3     
   0.0023  
   2.6e-05 
   2.6e-05 
  -3.7e-14 
   4.9e-15 
  -3.4e-12 
  -5.7e-13 
   3.3e-12 
   4.9e-15 
   7.6e-15 
   4e-16   
  -7e-12   
  -3.6e-12 
  -6.6e-13 
  -1.7e-16 
  -5e-16   
   3e-15   
  -8.2e-12 
   1.7e-12 
  -1.5e-11 
  -3e-15   
   3.1e-16 
   1.8e-16 
  -8.7e-12 
  -3.6e-14 
  -3.7e-14 
   2.2e-16 
  -3e-15   
  -1.8e-15 
  -8.7e-12 
  -1.3e-12 
  -6.9e-13 
   5.4e-16 

SENSOR
   0.0074  
  -1.4     
  -3.4     
   1       
   0.029   
  -0.0098  

XPOS
   0         0         0       
   0         0         0       
   0         0         0       
  -0.25      0.25      0       
  -0.51      0         0.42    
  -0.51      0         0.42    
  -0.51      0         0.75    
  -0.51      0         0.75    
  -0.56     -0.00061   1.1     
  -0.48      0.002     1.1     
  -0.14      0.012     0.89    
  -0.14      0.012     0.89    
  -0.054     0.016     0.88    
  -0.06      0.014     0.77    
  -0.06      0.014     0.77    
  -0.066     0.012     0.68    
  -0.061    -0.027     0.72    
  -0.064    -0.036     0.67    
  -0.066     0.053     0.72    
  -0.07      0.06      0.66    
  -0.51      0         0.42    
  -0.097    -0.17      0.43    
  -0.21      0.0071    0.44    
  -0.039     0.11      0.44    
   0.019    -0.29      0.44    
  -0.0057    0.29      0.44    

XQUAT
   1         0         0         0       
   1         0         0         0       
   1         0         0         0       
   0.71      0         0         0.71    
   1         0         0         0       
   1         0         0         0       
   1         0         0         0.0056  
   0.7      -0.7      -0.065    -0.057   
   1        -0.0004   -0.086     0.016   
   0.3       0.28      0.65     -0.64    
   0.41     -0.021     0.91      0.002   
   0.71      0.7       0.037    -0.0084  
   0.019     0.94     -0.35     -0.027   
   0.0071    1         0.035    -0.032   
  -0.018     0.68      0.73     -0.028   
  -0.018     0.68      0.73     -0.028   
   0.0071    1         0.035    -0.032   
   0.0071    1         0.035    -0.032   
   0.0071    1         0.035    -0.032   
   0.0071    1         0.035    -0.032   
   1         0         0         0       
  -0.71      2.1e-07   1.3e-07   0.71    
  -0.71     -5.1e-07   6.1e-07   0.71    
  -0.71     -8.9e-07  -3.7e-08   0.71    
   0.71      1.1e-06  -6.8e-07   0.71    
   0.71      1.1e-06  -6.8e-07   0.71    

XMAT
   1         0         0         0         1         0         0         0         1       
   1         0         0         0         1         0         0         0         1       
   1         0         0         0         1         0         0         0         1       
   0        -1         0         1         0         0         0         0         1       
   1         0         0         0         1         0         0         0         1       
   1         0         0         0         1         0         0         0         1       
   1        -0.011     0         0.011     1         0         0         0         1       
   0.99      0.17     -0.011     0.011     0.0019    1         0.17     -0.99     -5.4e-17 
   0.98     -0.031    -0.17      0.032     1        -0.0019    0.17     -0.0035    0.99    
  -0.66      0.75      0.031    -0.024     0.021    -1        -0.75     -0.66      0.0035  
  -0.66     -0.041     0.75     -0.037     1         0.021    -0.75     -0.014    -0.66    
   1         0.063     0.041     0.04      0.016    -1        -0.064     1         0.014   
   0.75     -0.66     -0.063    -0.66     -0.75     -0.016    -0.037     0.054    -1       
   1         0.069    -0.063     0.069    -1        -0.016    -0.064     0.012    -1       
  -0.069     1        -0.063     1         0.069    -0.016    -0.012    -0.064    -1       
  -0.069     1        -0.063     1         0.069    -0.016    -0.012    -0.064    -1       
   1         0.069    -0.063     0.069    -1        -0.016    -0.064     0.012    -1       
   1         0.069    -0.063     0.069    -1        -0.016    -0.064     0.012    -1       
   1         0.069    -0.063     0.069    -1        -0.016    -0.064     0.012    -1       
   1         0.069    -0.063     0.069    -1        -0.016    -0.064     0.012    -1       
   1         0         0         0         1         0         0         0         1       
   1.1e-06   1         1.2e-07  -1         1.1e-06   4.8e-07   4.8e-07  -1.2e-07   1       
   8.5e-07   1        -1.6e-06  -1         8.5e-07   1.5e-07   1.5e-07   1.6e-06   1       
  -4.7e-07   1        -1.2e-06  -1        -4.7e-07  -1.3e-06  -1.3e-06   1.2e-06   1       
   5.2e-08  -1         6e-07     1         5.2e-08  -2.5e-06   2.5e-06   6e-07     1       
   5.2e-08  -1         6e-07     1         5.2e-08  -2.5e-06   2.5e-06   6e-07     1       

XIPOS
   0         0         0       
   0         0         0       
   0         0         0       
  -0.25      0.22      0.23    
  -0.51      0         0.42    
  -0.51      0         0.47    
  -0.51      0         0.68    
  -0.53     -0.00019   0.85    
  -0.52      0.00075   1       
  -0.42      0.004     1.1     
  -0.25      0.0089    0.98    
  -0.081     0.014     0.88    
  -0.059     0.014     0.8     
  -0.06      0.014     0.77    
  -0.071     0.011     0.6     
  -0.073     0.011     0.58    
  -0.064    -0.028     0.67    
  -0.064    -0.036     0.67    
  -0.07      0.052     0.67    
  -0.07      0.06      0.66    
  -0.51      0         0.42    
  -0.098    -0.18      0.49    
  -0.22      0.022     0.5     
  -0.039     0.12      0.49    
   0.014    -0.29      0.45    
  -0.011     0.3       0.45    

XIMAT
   1         0         0         0         1         0         0         0         1       
   1         0         0         0         1         0         0         0         1       
   1         0         0         0         1         0         0         0         1       
  -0.00082   1        -0.0014    0.071     0.0015    1         1         0.00072  -0.071   
   1         0         0         0         1         0         0         0         1       
   1         0         0         0         1         0         0         0         1       
   1        -0.011     0         0.011     1         0         0         0         1       
   0.99      0.17     -0.011     0.011     0.0019    1         0.17     -0.99     -5.4e-17 
   0.98     -0.031    -0.17      0.032     1        -0.0019    0.17     -0.0035    0.99    
  -0.66      0.75      0.031    -0.024     0.021    -1        -0.75     -0.66      0.0035  
  -0.66     -0.041     0.75     -0.037     1         0.021    -0.75     -0.014    -0.66    
   1         0.063     0.041     0.04      0.016    -1        -0.064     1         0.014   
   0.75     -0.66     -0.063    -0.66     -0.75     -0.016    -0.037     0.054    -1       
   1         0.069    -0.063     0.069    -1        -0.016    -0.064     0.012    -1       
  -0.069    -0.063    -1         1        -0.016    -0.069    -0.012    -1         0.064   
  -0.069     1        -0.063     1         0.069    -0.016    -0.012    -0.064    -1       
   1         0.069    -0.063     0.069    -1        -0.016    -0.064     0.012    -1       
  -1        -0.069    -0.063    -0.069     1        -0.016     0.064    -0.012    -1       
   1         0.069    -0.063     0.069    -1        -0.016    -0.064     0.012    -1       
  -1        -0.069    -0.063    -0.069     1        -0.016     0.064    -0.012    -1       
   1         0         0         0         1         0         0         0         1       
   1         0.033    -0.036    -0.0099   -0.59     -0.81     -0.048     0.81     -0.59    
   0.96     -0.27     -0.0051    0.27      0.96     -0.028     0.013     0.026     1       
   0.99      0.11     -0.056    -0.061     0.045    -1        -0.11      0.99      0.052   
   0.0052   -0.042     1        -0.0018   -1        -0.042     1        -0.0016   -0.0052  
   0.0052   -0.042     1        -0.0018   -1        -0.042     1        -0.0016   -0.0052  

XANCHOR
  -0.51      0         0.75    
  -0.51      0         0.75    
  -0.56     -0.00061   1.1     
  -0.48      0.002     1.1     
  -0.14      0.012     0.89    
  -0.14      0.012     0.89    
  -0.054     0.016     0.88    
  -0.064     0.013     0.72    
  -0.064     0.013     0.72    
  -0.097    -0.17      0.43    
  -0.21      0.0071    0.44    
  -0.039     0.11      0.44    
   0.019    -0.29      0.44    
  -0.0057    0.29      0.44    

XAXIS
   0         0         1       
  -0.011     1         1.1e-16 
  -0.17     -0.0019    0.99    
   0.031    -1         0.0035  
   0.75      0.021    -0.66    
   0.041    -1         0.014   
  -0.063    -0.016    -1       
   0.069    -1         0.012   
   0.069    -1         0.012   
   0         0         1       
   0         0         1       
   0         0         1       
   0         0         1       
   0         0         1       

GEOM_XPOS
  -1.9       0.58      1.5     
  -1.8      -0.19      0.61    
  -1.2       2.2       1.5     
  -1.2      -2.2       1.5     
   1.2       3         1.5     
   1.2      -3         1.5     
  -2         0         1.5     
   3         0         1.5     
   0         0         0       
  -0.24      0.15      0.28    
  -0.25      0.052     0.42    
  -0.25      0.8       0.42    
  -0.25     -0.72      0.42    
   0.26      0.052     0.42    
  -0.75      0.052     0.42    
  -0.25      0.25      0.2     
  -0.53      0.069     0.46    
  -0.54      0.073     0.46    
  -0.53     -0.065     0.48    
  -0.53     -0.073     0.48    
  -0.57     -0.066     0.47    
  -0.57      0.058     0.46    
  -0.57      0.058     0.46    
  -0.5      -0.072     0.47    
  -0.54     -3.4e-05   0.47    
  -0.53     -0.073     0.45    
  -0.53     -0.065     0.45    
  -0.5       0.072     0.47    
  -0.54     -0.00088   0.48    
  -0.51     -0.032     0.69    
  -0.51     -0.032     0.69    
  -0.52      0.032     0.82    
  -0.52      0.031     0.82    
  -0.52      0.025     1       
  -0.54     -0.011     1.1     
  -0.5      -0.01      1       
  -0.49      0.081     1.1     
  -0.51      0.026     1       
  -0.42      0.015     1.1     
  -0.43     -0.02      1.1     
  -0.47     -0.077     1.1     
  -0.43      0.015     1.1     
  -0.43     -0.021     1.1     
  -0.17      0.11      0.91    
  -0.22      0.11      0.97    
  -0.23      0.054     0.96    
  -0.22      0.048     0.96    
  -0.12      0.018     0.87    
  -0.14     -0.041     0.89    
  -0.034     0.018     0.95    
  -0.049     0.027     0.96    
  -0.038     0.017     0.95    
  -0.048     0.0062    0.96    
  -0.059     0.016     0.96    
  -0.073     0.016     0.96    
  -0.023     0.018     0.95    
  -0.14     -0.04      0.89    
  -0.045     0.017     0.95    
  -0.049     0.017     0.96    
  -0.049     0.042     0.96    
  -0.047    -0.0082    0.96    
  -0.13     -0.031     0.89    
  -0.047     0.017     0.95    
  -0.082     0.0061    0.89    
  -0.09      0.0081    0.89    
  -0.055    -0.045     0.8     
  -0.022    -0.041     0.8     
  -0.062     0.059     0.79    
  -0.063     0.066     0.79    
  -0.063     0.067     0.79    
  -0.087    -0.046     0.8     
  -0.054    -0.044     0.81    
  -0.058     0.014     0.8     
  -0.062     0.014     0.75    
  -0.062     0.014     0.75    
  -0.061    -0.04      0.7     
  -0.061    -0.039     0.7     
  -0.063    -0.031     0.68    
  -0.069     0.065     0.7     
  -0.069     0.064     0.7     
  -0.069     0.056     0.68    
  -0.099    -0.18      0.49    
  -0.097    -0.11      0.49    
  -0.097    -0.13      0.46    
  -0.097    -0.13      0.52    
  -0.098    -0.23      0.51    
  -0.098    -0.19      0.44    
  -0.1      -0.22      0.46    
  -0.072    -0.21      0.46    
  -0.065    -0.21      0.51    
  -0.058    -0.18      0.51    
  -0.068    -0.18      0.46    
  -0.084    -0.16      0.46    
  -0.079    -0.15      0.51    
  -0.11     -0.15      0.51    
  -0.11     -0.15      0.46    
  -0.13     -0.18      0.46    
  -0.14     -0.18      0.51    
  -0.13     -0.21      0.51    
  -0.12     -0.21      0.46    
  -0.12     -0.19      0.44    
  -0.097    -0.21      0.44    
  -0.1      -0.17      0.44    
  -0.078    -0.19      0.44    
  -0.21      0.02      0.5     
  -0.22      0.022     0.44    
  -0.23     -0.00077   0.5     
  -0.25      0.023     0.5     
  -0.21     -0.0032    0.5     
  -0.19      0.014     0.5     
  -0.19      0.041     0.5     
  -0.22      0.054     0.5     
  -0.24      0.045     0.5     
  -0.21     -0.03      0.49    
  -0.21     -0.048     0.53    
  -0.21     -0.027     0.55    
  -0.04      0.12      0.49    
  -0.039     0.042     0.49    
  -0.039     0.066     0.46    
  -0.039     0.059     0.52    
  -0.04      0.082     0.5     
  -0.025     0.084     0.5     
  -0.012     0.091     0.5     
  -0.0031    0.1       0.5     
   0.0019    0.11      0.5     
   0.0027    0.13      0.5     
  -0.00095   0.14      0.5     
  -0.0073    0.15      0.5     
  -0.017     0.16      0.5     
  -0.03      0.17      0.5     
  -0.044     0.17      0.5     
  -0.058     0.16      0.5     
  -0.069     0.15      0.5     
  -0.078     0.14      0.5     
  -0.082     0.13      0.5     
  -0.081     0.11      0.5     
  -0.075     0.1       0.5     
  -0.065     0.09      0.5     
  -0.054     0.084     0.5     
  -0.04      0.093     0.45    
  -0.023     0.098     0.45    
  -0.012     0.11      0.45    
  -0.0085    0.13      0.45    
  -0.013     0.14      0.45    
  -0.025     0.15      0.45    
  -0.041     0.16      0.45    
  -0.056     0.15      0.45    
  -0.067     0.14      0.45    
  -0.071     0.12      0.45    
  -0.067     0.11      0.45    
  -0.056     0.098     0.45    
  -0.039     0.12      0.44    
  -0.062     0.12      0.44    
  -0.017     0.12      0.44    
  -0.039     0.15      0.44    
  -0.039     0.1       0.44    
   0.02     -0.29      0.45    
   0.019    -0.29      0.44    
  -0.029    -0.29      0.45    
  -0.029    -0.29      0.45    
  -0.016    -0.26      0.45    
   0.016    -0.24      0.45    
   0.051    -0.25      0.45    
   0.068    -0.29      0.45    
   0.054    -0.32      0.45    
   0.021    -0.34      0.45    
  -0.014    -0.32      0.45    
  -0.0056    0.3       0.45    
  -0.0057    0.29      0.44    
  -0.054     0.29      0.45    
  -0.054     0.29      0.45    
  -0.042     0.33      0.45    
  -0.0089    0.34      0.45    
   0.026     0.33      0.45    
   0.042     0.3       0.45    
   0.029     0.26      0.45    
  -0.0044    0.25      0.45    
  -0.04      0.26      0.45    

GEOM_XMAT
   1         0         0         0         1         0         0         0         1       
  -1        -0.04      0.033     0.0076    0.51      0.86     -0.051     0.86     -0.51    
   0.71      0         0.71      0.71      0        -0.71      0         1         0       
   0.71      0        -0.71     -0.71      0        -0.71      0         1         0       
   1         0         0         0         0        -1         0         1         0       
   1        -0         0         0         0         1        -0        -1         0       
   0         0         1         1         0         0         0         1         0       
   0         0        -1        -1         0         0         0         1         0       
   1         0         0         0         1         0         0         0         1       
  -0.00046   1        -0.00037   0.09      0.00041   1         1         0.00042  -0.09    
   0        -1         0         0         0         1        -1         0         0       
   0         0         1         0         1         0        -1         0         0       
   0        -0        -1         0         1        -0         1         0         0       
   0        -1         0         0         0         1        -1         0         0       
   0        -1         0         0         0         1        -1         0         0       
   0        -1         0         0         0        -1         1         0         0       
  -0.16     -0.99      0         0.99     -0.16      0         0         0         1       
   1         0         0         0         1         0         0         0         1       
   0.99      0        -0.17     -0.17      0        -0.99      0         1         0       
   1         0         0         0         1         0         0         0         1       
   0.16     -0.99      0         0.99      0.16      0         0         0         1       
   0        -1         0         1         0         0         0         0         1       
   1         0         0         0         1         0         0         0         1       
   0.16     -0.98     -0.12      0.99      0.16      0.022    -0.0026   -0.12      0.99    
  -0.42      0.0024    0.91     -0.0015   -1         0.0019    0.91     -0.00057   0.42    
   1         0         0         0         1         0         0         0         1       
   0.99      0        -0.15     -0.15      0        -0.99      0         1         0       
  -0.16     -0.98     -0.12      0.99     -0.16     -0.022     0.0025   -0.12      0.99    
  -0.36      0.0082    0.93      0.022    -1         0.017     0.93      0.027     0.36    
   1        -0.01      0.0042    0.011     0.93     -0.37     -0.00014   0.37      0.93    
   1        -0.01      0.0042    0.011     0.93     -0.37     -0.00014   0.37      0.93    
   0.99     -0.075    -0.16      0.011     0.93     -0.37      0.17      0.37      0.91    
   0.99     -0.069    -0.16      0.011     0.94     -0.34      0.17      0.33      0.93    
  -0.84      0.11      0.54      0.15     -0.9       0.41      0.53      0.43      0.73    
  -0.13     -0.97      0.2      -0.49     -0.11     -0.86      0.86     -0.21     -0.46    
  -0.72     -0.68     -0.17      0.69     -0.72     -0.0073   -0.12     -0.12      0.99    
  -0.086    -0.74      0.67      0.99     -0.019     0.11     -0.067     0.67      0.74    
  -0.85     -0.0006    0.53      0.25     -0.88      0.4       0.47      0.47      0.75    
   0.48      0.45     -0.75     -0.69      0.72     -0.015     0.53      0.53      0.66    
  -0.075     0.42     -0.91      0.32     -0.85     -0.42     -0.95     -0.32     -0.068   
   0.11     -0.18     -0.98     -0.99     -0.0037   -0.12      0.017     0.98     -0.18    
   0.67      0.69     -0.28     -0.47      0.1      -0.88     -0.58      0.71      0.39    
  -0.1       0.39     -0.91      0.35     -0.85     -0.4      -0.93     -0.36     -0.051   
  -0.08      0.66      0.74      1         0.041     0.071     0.017     0.75     -0.67    
  -0.66     -0.041     0.75     -0.037     1         0.021    -0.75     -0.014    -0.66    
  -0.66     -0.24      0.71     -0.037     0.96      0.29     -0.75      0.17     -0.64    
  -0.66     -0.24      0.71     -0.036     0.96      0.29     -0.75      0.17     -0.64    
   0.0014   -0.54      0.84     -1        -0.043    -0.026     0.05     -0.84     -0.54    
   0.041    -1        -0.063    -1        -0.04     -0.016     0.014     0.064    -1       
   0.29     -0.11      0.95      0.015    -0.99     -0.12      0.96      0.047    -0.28    
   1         0.063     0.041     0.04      0.016    -1        -0.064     1         0.014   
   1         0.063     0.041     0.04      0.016    -1        -0.064     1         0.014   
   1         0.063     0.041     0.04      0.016    -1        -0.064     1         0.014   
   1         0.063     0.041     0.04      0.016    -1        -0.064     1         0.014   
   1         0.063     0.041     0.04      0.016    -1        -0.064     1         0.014   
   1         0.063     0.041     0.04      0.016    -1        -0.064     1         0.014   
   0.041    -0.063     1        -1        -0.016     0.04      0.014    -1        -0.064   
   0.28      0.069     0.96      0.025    -1         0.065     0.96      0.0053   -0.28    
   1         0.063     0.041     0.04      0.016    -1        -0.064     1         0.014   
   1         0.063     0.041     0.04      0.016    -1        -0.064     1         0.014   
   1         0.063     0.041     0.04      0.016    -1        -0.064     1         0.014   
  -0.059    -0.052     1        -1        -0.019    -0.06      0.022    -1        -0.051   
   0.28      0.016     0.96      0.025    -1         0.0093    0.96      0.021    -0.28    
   0.3      -0.069     0.95     -0.95     -0.066     0.29      0.043    -1        -0.086   
   0.18      0.064     0.98     -0.98      0.00025   0.18      0.011    -1         0.063   
  -0.077    -0.068     0.99      0.2       0.98      0.082    -0.98      0.2      -0.062   
   1        -0.058     0.029    -0.016     0.21      0.98     -0.063    -0.98      0.21    
   1        -0.063    -0.068     0.068    -0.016     1        -0.064    -1        -0.012   
   0.75     -0.66     -0.063    -0.66     -0.75     -0.016    -0.037     0.054    -1       
   0.75     -0.66     -0.063    -0.66     -0.75     -0.016    -0.037     0.054    -1       
  -0.99     -0.097     0.13     -0.15      0.21     -0.97      0.065    -0.97     -0.22    
  -0.08     -0.049     1         0.26      0.96      0.068    -0.96      0.26     -0.064   
  -0.061     0.65      0.75     -0.014     0.76     -0.66     -1        -0.051    -0.037   
   1        -0.066    -0.067     0.069     0.017     1        -0.065    -1         0.021   
   1        -0.066    -0.068     0.069     0.0093    1        -0.065    -1         0.014   
   0.052    -1        -0.078    -0.97     -0.069     0.22     -0.23      0.064    -0.97    
   0.99      0.076    -0.076     0.087    -0.98      0.16     -0.063    -0.16     -0.98    
  -1        -0.069    -0.063    -0.069     1        -0.016     0.064    -0.012    -1       
  -0.083     1        -0.045     0.96      0.069    -0.26     -0.25     -0.064    -0.97    
  -0.99     -0.098    -0.049    -0.087     0.98     -0.19      0.066    -0.18     -0.98    
  -1        -0.069    -0.063    -0.069     1        -0.016     0.064    -0.012    -1       
   1         0.018    -0.0022   -0.0083    0.34     -0.94     -0.016     0.94      0.34    
  -1.1e-06   1        -1.2e-07   1         1.1e-06  -4.8e-07  -4.8e-07  -1.2e-07  -1       
  -6.2e-07   1         8.8e-07   0.48      1.1e-06  -0.88     -0.88     -1.2e-07  -0.48    
  -5.1e-07   1        -9.5e-07   0.57      1.1e-06   0.82      0.82     -1.2e-07  -0.57    
  -1.1e-06   1        -1.2e-07   1         1.1e-06  -4.8e-07  -4.8e-07  -1.2e-07  -1       
  -1.2e-07  -1.1e-06   1        -4.8e-07   1         1.1e-06  -1        -4.8e-07  -1.2e-07 
   9.3e-07   5.4e-07  -1        -0.92     -0.4      -1.1e-06  -0.4       0.92      1.2e-07 
   0.71      0.31     -0.64     -0.58     -0.26     -0.77     -0.4       0.92      1.8e-06 
  -0.77      0.64     -1.2e-07   0.64      0.77     -4.8e-07  -2.1e-07  -4.5e-07  -1       
  -0.98     -0.18     -1.2e-07  -0.18      0.98     -4.8e-07   2.1e-07  -4.5e-07  -1       
   0.9       0.39      0.18      0.17      0.074    -0.98     -0.4       0.92     -5.1e-06 
   0.4      -0.18     -0.9       0.82     -0.36      0.44     -0.4      -0.92      8.5e-06 
  -0.44     -0.9      -1.2e-07  -0.9       0.44     -4.8e-07   4.9e-07  -1e-07    -1       
  -0.45      0.89     -1.2e-07   0.89      0.45     -4.8e-07  -3.7e-07  -3.3e-07  -1       
  -0.31     -0.14      0.94      0.86      0.38      0.34     -0.4       0.92     -4.1e-06 
  -0.88      0.38     -0.29      0.26     -0.12     -0.96     -0.4      -0.92     -8.5e-06 
   0.99     -0.17     -1.2e-07  -0.17     -0.99     -4.8e-07  -3.9e-08   5e-07    -1       
   0.75      0.66     -1.2e-07   0.66     -0.75     -4.8e-07  -4.1e-07   2.8e-07  -1       
  -0.69      0.3       0.66     -0.61      0.27     -0.75     -0.4      -0.92     -5e-06   
  -1         1.2e-07  -1.1e-06  -1.1e-06   4.8e-07   1         1.2e-07   1        -4.8e-07 
   1.1e-06   1.2e-07  -1        -1         4.8e-07  -1.1e-06   4.8e-07   1         1.2e-07 
   1.1e-06   1.2e-07  -1        -1         4.8e-07  -1.1e-06   4.8e-07   1         1.2e-07 
  -1         1.2e-07  -1.1e-06  -1.1e-06   4.8e-07   1         1.2e-07   1        -4.8e-07 
   1        -0.031     0.0011    0.031     0.99     -0.11      0.0024    0.11      0.99    
   1.6e-06   1         8.5e-07  -1.5e-07   8.5e-07  -1        -1         1.6e-06   1.5e-07 
  -0.6      -0.79      0.069    -0.79      0.61      0.09     -0.11     -1e-05    -0.99    
   0.99      8.5e-07   0.11      8.7e-07  -1        -4.9e-08   0.11      1.5e-07  -0.99    
   0.27      0.96      0.031    -0.96      0.28     -0.11     -0.11      3.5e-06   0.99    
   0.94      0.31      0.11     -0.31      0.95     -0.036    -0.11     -7e-06     0.99    
   0.78      0.62     -0.089     0.62     -0.78     -0.071    -0.11     -6.7e-06  -0.99    
  -0.047     1         0.0054    0.99      0.047    -0.11     -0.11      4.4e-06  -0.99    
  -0.71     -0.7      -0.081     0.7      -0.71      0.08     -0.11      8e-07     0.99    
   1.7e-06   1        -5.9e-07  -0.74      8.5e-07  -0.68     -0.68      1.6e-06   0.74    
   6.9e-07   1        -1.7e-06  -0.99      8.5e-07   0.1       0.1       1.6e-06   0.99    
   1.7e-06   1         6.2e-07  -0.14      8.5e-07  -0.99     -0.99      1.6e-06   0.14    
   1         0.0056   -0.0099   -0.01      0.067    -1        -0.0049    1         0.067   
  -4.7e-07   1        -1.2e-06  -1        -4.7e-07  -1.3e-06  -1.3e-06   1.2e-06   1       
  -1.1e-06   1         7.1e-07   0.2      -4.7e-07   0.98      0.98      1.2e-06  -0.2     
   1.2e-06   1        -6e-07    -0.11     -4.7e-07  -0.99     -0.99      1.2e-06   0.11    
  -3.1e-07   1        -1.3e-06  -0.99     -4.7e-07  -0.13     -0.13      1.2e-06   0.99    
   0.36     -0.93     -0.048    -0.92     -0.37      0.12     -0.13      3.9e-07  -0.99    
   0.65     -0.76     -0.085    -0.75     -0.65      0.099    -0.13     -5.9e-06  -0.99    
  -0.86      0.5      -0.11      0.49      0.87      0.065     0.13      2.3e-06  -0.99    
   0.97     -0.2      -0.13     -0.2      -0.98      0.026    -0.13     -8.8e-06  -0.99    
   0.98      0.14     -0.13      0.14     -0.99     -0.018    -0.13      4.3e-06  -0.99    
   0.89     -0.44      0.12      0.44      0.9       0.058    -0.13      6.2e-06   0.99    
   0.74      0.67     -0.097     0.67     -0.74     -0.088    -0.13     -4.5e-06  -0.99    
   0.5      -0.87      0.065     0.86      0.5       0.11     -0.13      3.4e-06   0.99    
   0.21      0.98     -0.027     0.97     -0.21     -0.13     -0.13      3e-06    -0.99    
  -0.13     -0.99     -0.017     0.98     -0.13      0.13     -0.13     -4.7e-06   0.99    
  -0.45      0.89      0.059     0.88      0.45     -0.12     -0.13      6.7e-06  -0.99    
  -0.71     -0.7      -0.093     0.69     -0.71      0.091    -0.13      6.1e-06   0.99    
  -0.9       0.42      0.12      0.42      0.91     -0.055    -0.13      7.8e-06  -0.99    
  -0.99     -0.071    -0.13      0.071    -1         0.0093   -0.13     -3.5e-06   0.99    
  -0.95     -0.27      0.13     -0.27      0.96      0.035    -0.13      5e-06    -0.99    
  -0.82     -0.56      0.11     -0.55      0.83      0.073    -0.13      1.4e-05  -0.99    
  -0.59     -0.81      0.077    -0.8       0.59      0.11     -0.13      5.8e-06  -0.99    
  -0.31     -0.95      0.041    -0.94      0.31      0.12     -0.13      7.9e-06  -0.99    
   3.4e-07   1        -1.3e-06  -0.81     -4.7e-07  -0.59     -0.59      1.2e-06   0.81    
   0.45     -0.83     -0.33     -0.67     -0.56      0.49     -0.59     -1.1e-05  -0.81    
   0.72      0.44      0.53     -0.36      0.9      -0.26     -0.59      1e-05     0.81    
   0.8      -0.1       0.59      0.08      1         0.059    -0.59      2.7e-05   0.81    
  -0.68     -0.54     -0.5      -0.43      0.84     -0.32      0.59     -1.7e-07  -0.81    
   0.36     -0.89      0.27      0.72      0.45      0.53     -0.59     -1.8e-05   0.81    
   0.054    -1         0.04     -0.8      -0.067    -0.59      0.59      6.4e-06  -0.81    
  -0.45     -0.83     -0.33      0.67     -0.56      0.49     -0.59     -1.3e-05   0.81    
  -0.73      0.43      0.53      0.35      0.9      -0.26     -0.59      9e-06    -0.81    
  -0.81     -0.048     0.59     -0.039     1         0.028    -0.59      1.9e-05  -0.81    
  -0.69      0.52     -0.51     -0.42     -0.86     -0.31     -0.59      4.2e-06   0.81    
  -0.41      0.86     -0.3      -0.69     -0.51     -0.51     -0.59      1.5e-06   0.81    
  -1.2e-06   4.7e-07  -1        -1.3e-06   1         4.7e-07   1         1.3e-06  -1.2e-06 
   1.2e-06   1        -4.7e-07   1.3e-06  -4.7e-07  -1        -1         1.2e-06  -1.3e-06 
   1.2e-06   1        -4.7e-07   1.3e-06  -4.7e-07  -1        -1         1.2e-06  -1.3e-06 
  -8.7e-06   0.014     1         1.1e-05   1        -0.014    -1         1.1e-05  -8.9e-06 
  -8.7e-06   0.014     1         1.1e-05   1        -0.014    -1         1.1e-05  -8.9e-06 
   0.00029   0.98      0.22     -0.021    -0.22      0.98      1        -0.005     0.021   
   6e-07    -6.7e-08   1        -0.026    -1        -5.2e-08   1        -0.026    -6e-07   
  -0.33     -0.94      0.0086    0.026     1.3e-06   1        -0.94      0.33      0.024   
  -0.33     -0.94      0.0086    0.026     1.3e-06   1        -0.94      0.33      0.024   
  -0.23     -0.7       0.68      0.24      0.63      0.74     -0.94      0.33      0.024   
   0.0038   -0.061     1         0.33      0.94      0.056    -0.94      0.33      0.024   
   0.24     -0.62     -0.75      0.24     -0.71      0.66     -0.94     -0.33     -0.024   
   0.33      0.94      0.039    -0.0097    0.045    -1        -0.94      0.33      0.024   
   0.22     -0.68      0.7      -0.25      0.65      0.72     -0.94     -0.33     -0.024   
  -0.017    -0.025     1        -0.33      0.94      0.018    -0.94     -0.33     -0.024   
  -0.25     -0.66     -0.71     -0.22     -0.67      0.71     -0.94      0.33      0.024   
   0.00029   0.98      0.22     -0.021    -0.22      0.98      1        -0.005     0.021   
   6e-07    -6.7e-08   1        -0.026    -1        -5.2e-08   1        -0.026    -6e-07   
  -0.33     -0.94      0.0086    0.026     1.3e-06   1        -0.94      0.33      0.024   
  -0.33     -0.94      0.0086    0.026     1.3e-06   1        -0.94      0.33      0.024   
  -0.23     -0.7       0.68      0.24      0.63      0.74     -0.94      0.33      0.024   
   0.0038   -0.061     1         0.33      0.94      0.056    -0.94      0.33      0.024   
   0.24     -0.62     -0.75      0.24     -0.71      0.66     -0.94     -0.33     -0.024   
   0.33      0.94      0.039    -0.0097    0.045    -1        -0.94      0.33      0.024   
   0.22     -0.68      0.7      -0.25      0.65      0.72     -0.94     -0.33     -0.024   
  -0.017    -0.025     1        -0.33      0.94      0.018    -0.94     -0.33     -0.024   
  -0.25     -0.66     -0.71     -0.22     -0.67      0.71     -0.94      0.33      0.024   

SITE_XPOS
   0        -0.3       0.41    
   0         0.3       0.41    
  -0.1      -0.15      0.41    
  -0.05      0.1       0.41    
  -0.2       0         0.41    
  -0.06      0.014     0.77    
  -0.066     0.012     0.68    
  -0.073     0.11      0.68    
   0.033     0.019     0.67    
  -0.073     0.011     0.58    
  -0.066     0.012     0.68    
  -0.097    -0.17      0.43    
  -0.21      0.0071    0.44    
  -0.039     0.11      0.44    
   0.019    -0.29      0.44    
  -0.0057    0.29      0.44    

SITE_XMAT
   1         0         0         0         1         0         0         0         1       
   1         0         0         0         1         0         0         0         1       
   1         0         0         0         1         0         0         0         1       
   1         0         0         0         1         0         0         0         1       
   1         0         0         0         1         0         0         0         1       
  -0.069     1        -0.063     1         0.069    -0.016    -0.012    -0.064    -1       
  -0.069     1        -0.063     1         0.069    -0.016    -0.012    -0.064    -1       
   0.063     1        -0.069     0.016     0.069     1         1        -0.064    -0.012   
  -0.069    -0.063    -1         1        -0.016    -0.069    -0.012    -1         0.064   
  -0.069     1        -0.063     1         0.069    -0.016    -0.012    -0.064    -1       
  -0.069     1        -0.063     1         0.069    -0.016    -0.012    -0.064    -1       
   1.1e-06   1         1.2e-07  -1         1.1e-06   4.8e-07   4.8e-07  -1.2e-07   1       
   8.5e-07   1        -1.6e-06  -1         8.5e-07   1.5e-07   1.5e-07   1.6e-06   1       
  -4.7e-07   1        -1.2e-06  -1        -4.7e-07  -1.3e-06  -1.3e-06   1.2e-06   1       
   5.2e-08  -1         6e-07     1         5.2e-08  -2.5e-06   2.5e-06   6e-07     1       
   5.2e-08  -1         6e-07     1         5.2e-08  -2.5e-06   2.5e-06   6e-07     1       

CAM_XPOS
   1.5       0         0.9     
  -0.2       0         3       
   0.61      0         0.96    
  -0.057     1.3       1.5     
   2.8       2.1       3.1     
   2.1       0.73      1.9     
   0.49      0         0.82    
  -0.01      0.017     0.77    

CAM_XMAT
  -5.6e-17  -0.26      0.97      1         0         0         0         0.97      0.26    
   0        -1         0         1         0         0         0         0         1       
  -1.7e-06  -0.53      0.85      1        -7.8e-07   1.5e-06  -1.5e-07   0.85      0.53    
  -1        -0.0078    0.023     0.024    -0.3       0.95     -0.00062   0.95      0.3     
  -0.53     -0.46      0.71      0.85     -0.3       0.44      0.0081    0.84      0.54    
  -0.22     -0.35      0.91      0.97     -0.081     0.21      0.00085   0.93      0.36    
   0        -0.71      0.71      1         0         0         0         0.71      0.71    
   0.069     1         0.063    -1         0.069     0.016     0.012    -0.064     1       

LIGHT_XPOS
   1         1         4       
  -3        -3         4       

LIGHT_XDIR
   0        -0.15     -0.99    
   0        -0.15     -0.99    

SUBTREE_COM
  -0.31      0.15      0.43    
   0         0         0       
  -0.25      0.22      0.23    
  -0.25      0.22      0.23    
  -0.41      0.0036    0.79    
  -0.41      0.0036    0.79    
  -0.38      0.0046    0.88    
  -0.35      0.0057    0.93    
  -0.29      0.0077    0.95    
  -0.22      0.0096    0.93    
  -0.14      0.012     0.88    
  -0.072     0.014     0.81    
  -0.063     0.013     0.73    
  -0.065     0.013     0.7     
  -0.069     0.012     0.63    
  -0.073     0.011     0.58    
  -0.064    -0.029     0.67    
  -0.064    -0.036     0.67    
  -0.07      0.053     0.67    
  -0.07      0.06      0.66    
  -0.51      0         0.42    
  -0.098    -0.18      0.49    
  -0.22      0.022     0.5     
  -0.039     0.12      0.49    
   0.014    -0.29      0.45    
  -0.011     0.3       0.45    

CDOF
   0         0         1        -0.0036    0.1       0       
  -0.011     1         1.1e-16   0.04      0.00045  -0.1     
  -0.17     -0.0019    0.99     -0.0036    0.11     -0.00042 
   0.031    -1         0.0035    0.29      0.0093    0.076   
   0.75      0.021    -0.66     -0.0076    0.25     -0.0007  
   0.041    -1         0.014     0.092     7.7e-05  -0.27    
  -0.063    -0.016    -1        -0.011     0.35     -0.005   
   0         0         0         0.069    -1         0.012   
   0         0         0         0.069    -1         0.012   
   0         0         0         1         0         0       
   0         0         0         0         1         0       
   0         0         0         0         0         1       
   1.1e-06  -1         4.8e-07  -0.055    -5.9e-08  -0.001   
   1         1.1e-06  -1.2e-07   5.7e-08  -0.055    -0.01    
   1.2e-07   4.8e-07   1         0.01     -0.001    -7.6e-10 
   0         0         0         1         0         0       
   0         0         0         0         1         0       
   0         0         0         0         0         1       
   8.5e-07  -1         1.5e-07  -0.062    -5.4e-08  -0.0028  
   1         8.5e-07   1.6e-06   2.9e-08  -0.062     0.015   
  -1.6e-06   1.5e-07   1        -0.015    -0.0028   -2.4e-08 
   0         0         0         1         0         0       
   0         0         0         0         1         0       
   0         0         0         0         0         1       
  -4.7e-07  -1        -1.3e-06  -0.051     2.3e-08   0.0005  
   1        -4.7e-07   1.2e-06  -4e-08    -0.051     0.014   
  -1.2e-06  -1.3e-06   1        -0.014     0.0005   -1.6e-08 
   0         0         0         1         0         0       
   0         0         0         0         1         0       
   0         0         0         0         0         1       
   5.2e-08   1         2.5e-06   0.0064   -1.3e-08   0.0051  
  -1         5.2e-08   6e-07     1.4e-10   0.0064   -0.00033 
   6e-07    -2.5e-06   1        -0.00033  -0.0051   -1.3e-08 
   0         0         0         1         0         0       
   0         0         0         0         1         0       
   0         0         0         0         0         1       
   5.2e-08   1         2.5e-06   0.0064   -1.3e-08   0.0051  
  -1         5.2e-08   6e-07     1.4e-10   0.0064   -0.00033 
   6e-07    -2.5e-06   1        -0.00033  -0.0051   -1.3e-08 

CINERT
   0         0         0         0         0         0         0         0         0         0       
   0         0         0         0         0         0         0         0         0         0       
   0         0         0         0         0         0         0        -0        -0         0       
   3.7       2.8       5.3       0.0012   -0.0014    0.18      0         0        -9.6e-16   35      
   0         0         0         0         0         0        -0        -0        -0         0       
   0.82      0.86      0.44     -0.0015   -0.13     -0.0047   -0.41     -0.014    -1.3       4       
   0.34      0.37      0.33     -0.0011   -0.034    -0.0012   -0.31     -0.011    -0.33      3       
   0.31      0.35      0.34     -0.0014    0.021     0.00067  -0.36     -0.011     0.18      3       
   0.3       0.33      0.22     -0.00062   0.05      0.0013   -0.22     -0.0057    0.46      2       
   0.36      0.36      0.2       9.5e-06   0.0067   -0.00023  -0.024     0.0008    0.56      2       
   0.27      0.32      0.25     -0.0016   -0.059    -0.002     0.31      0.011     0.38      2       
   0.11      0.27      0.26     -0.0053   -0.043    -0.0014    0.49      0.016     0.13      1.5     
   0.05      0.11      0.11     -0.0019   -0.0012   -3.5e-05   0.17      0.0053    0.0033    0.5     
   0.05      0.11      0.11     -0.0018    0.0034    0.0001    0.17      0.0051   -0.0099    0.5     
   0.061     0.13      0.1      -0.0035    0.02      0.00028   0.1       0.0022   -0.057     0.3     
   0         0         0         0         0         0         0         0        -0         0       
   0.012     0.023     0.017     0.0011    0.0039   -0.00046   0.034    -0.0031   -0.012     0.1     
   0.01      0.011     0.011     0.00014   0.00044  -5.1e-05   0.0034   -0.0004   -0.0013    0.01    
   0.012     0.023     0.017    -0.0016    0.0038    0.00051   0.034     0.0048   -0.012     0.1     
   0.01      0.011     0.011    -0.00019   0.00043   7.3e-05   0.0034    0.00057  -0.0013    0.01    
   0         0         0         0         0         0        -0        -0        -0         0       
   3.4e-05   2.8e-05   2.8e-05  -7.1e-08  -2.9e-07  -2.1e-07   2.3e-19   4.6e-19  -9.1e-19   0.016   
   6.3e-05   6e-05     3.4e-05   7.7e-07   1.7e-07   7.4e-07   8.1e-19  -1e-19    -3.3e-18   0.029   
   6.1e-05   5.1e-05   5.9e-05  -5.9e-07  -2.3e-07   4.2e-07   0         0         0         0.031   
   1.3e-05   1.5e-05   2.8e-05   9e-08     7.6e-08  -2.4e-08   2e-20     0         6.4e-19   0.012   
   1.3e-05   1.5e-05   2.8e-05   9e-08     7.6e-08  -2.4e-08  -2e-20     0         6.4e-19   0.012   

ACTUATOR_LENGTH
   0.011   
  -0.17    
   0.021   
  -2.5     
  -0.014   
   2.2     
   0.76    
   0.04    
  -0.04    

actuator_moment
-----------------------------------------
 x                                       |
  x                                      |
   x                                     |
    x                                    |
     x                                   |
      x                                  |
       x                                 |
        x                                |
         x                               |
-----------------------------------------

ACTUATOR_MOMENT
     0:  1       
     1:  1       
     2:  1       
     3:  1       
     4:  1       
     5:  1       
     6:  1       
     7:  1       
     8:  1       

CRB
   0         0         0         0         0         0         0         0         0         0       
   0         0         0         0         0         0         0         0         0         0       
   3.7       2.8       5.3       0.0012   -0.0014    0.18      0         0        -9.6e-16   35      
   3.7       2.8       5.3       0.0012   -0.0014    0.18      0         0        -9.6e-16   35      
   2.7       3.3       2.4      -0.019    -0.16     -0.0072   -3.9e-16   3.5e-18   1.3e-15   19      
   2.7       3.3       2.4      -0.019    -0.16     -0.0072   -3.9e-16   3.5e-18   1.3e-15   19      
   1.9       2.4       2        -0.018    -0.027    -0.0025    0.41      0.014     1.3       15      
   1.6       2.1       1.7      -0.017     0.0067   -0.0013    0.72      0.025     1.6       12      
   1.3       1.7       1.3      -0.015    -0.014    -0.002     1.1       0.037     1.4       9       
   0.95      1.4       1.1      -0.015    -0.064    -0.0033    1.3       0.042     0.99      7       
   0.59      1         0.89     -0.015    -0.071    -0.0031    1.3       0.041     0.43      5       
   0.32      0.7       0.64     -0.013    -0.012    -0.001     1         0.031     0.042     3       
   0.21      0.42      0.38     -0.0078    0.031     0.00041   0.52      0.015    -0.09      1.5     
   0.15      0.31      0.27     -0.0059    0.032     0.00045   0.35      0.0092   -0.094     1       
   0.1       0.2       0.16     -0.0041    0.029     0.00035   0.18      0.0041   -0.084     0.52    
   0         0         0         0         0         0         0         0        -0         0       
   0.022     0.035     0.028     0.0012    0.0043   -0.00051   0.038    -0.0035   -0.013     0.11    
   0.01      0.011     0.011     0.00014   0.00044  -5.1e-05   0.0034   -0.0004   -0.0013    0.01    
   0.022     0.034     0.028    -0.0018    0.0043    0.00059   0.037     0.0054   -0.014     0.11    
   0.01      0.011     0.011    -0.00019   0.00043   7.3e-05   0.0034    0.00057  -0.0013    0.01    
   0         0         0         0         0         0        -0        -0        -0         0       
   3.4e-05   2.8e-05   2.8e-05  -7.1e-08  -2.9e-07  -2.1e-07   2.3e-19   4.6e-19  -9.1e-19   0.016   
   6.3e-05   6e-05     3.4e-05   7.7e-07   1.7e-07   7.4e-07   8.1e-19  -1e-19    -3.3e-18   0.029   
   6.1e-05   5.1e-05   5.9e-05  -5.9e-07  -2.3e-07   4.2e-07   0         0         0         0.031   
   1.3e-05   1.5e-05   2.8e-05   9e-08     7.6e-08  -2.4e-08   2e-20     0         6.4e-19   0.012   
   1.3e-05   1.5e-05   2.8e-05   9e-08     7.6e-08  -2.4e-08  -2e-20     0         6.4e-19   0.012   

QM
   7.2     
  -0.0072    5       
   1.6      -0.0041    3.4     
   0.0053   -1.3       0.00038   2.9     
  -0.31      0.006    -0.38      0.00055   1.5     
   0.007    -0.43      0.0047    0.51      0.00091   1.2     
  -0.2      -0.0031   -0.19      0.0022    0.12     -2.1e-16   0.91    
  -0.049    -0.0011   -0.046     0.0021   -0.012     0.00067   1.4e-17   1.1     
  -0.049    -0.0011   -0.046     0.0021   -0.012     0.00067   6.9e-18             1.1     
                                                                                             0.016   
                                                                                             0         0.016   
                                                                                             0         0         0.016   
                                                                                            -0.0009   -9.7e-10  -1.7e-05   7.7e-05 
                                                                                             9.4e-10  -0.0009   -0.00017   2.4e-07   8.5e-05 
                                                                                             0.00017  -1.7e-05  -1.2e-11  -8.9e-06   6.4e-07   3e-05   
                                                                                                                                                         0.029   
                                                                                                                                                         0         0.029   
                                                                                                                                                         0         0         0.029   
                                                                                                                                                        -0.0018   -1.6e-09  -8.3e-05   0.00017 
                                                                                                                                                         8.5e-10  -0.0018    0.00045  -2e-06     0.00018 
                                                                                                                                                        -0.00045  -8.3e-05  -7e-10     2.7e-05   5.3e-06   4.1e-05 
                                                                                                                                                                                                                     0.031   
                                                                                                                                                                                                                     0         0.031   
                                                                                                                                                                                                                     0         0         0.031   
                                                                                                                                                                                                                    -0.0016    7.2e-10   1.6e-05   0.00013 
                                                                                                                                                                                                                    -1.2e-09  -0.0016    0.00042   8e-07     0.00015 
                                                                                                                                                                                                                    -0.00042   1.6e-05  -4.9e-10   2.1e-05  -1e-06     6.4e-05 
                                                                                                                                                                                                                                                                                 0.012   
                                                                                                                                                                                                                                                                                 0         0.012   
                                                                                                                                                                                                                                                                                 0         0         0.012   
                                                                                                                                                                                                                                                                                 7.4e-05  -1.5e-10   5.9e-05   1.6e-05 
                                                                                                                                                                                                                                                                                 1.6e-12   7.4e-05  -3.8e-06  -1.1e-07   1.3e-05 
                                                                                                                                                                                                                                                                                -3.8e-06  -5.9e-05  -1.5e-10  -4.8e-08  -4.6e-07   2.8e-05 
                                                                                                                                                                                                                                                                                                                                             0.012   
                                                                                                                                                                                                                                                                                                                                             0         0.012   
                                                                                                                                                                                                                                                                                                                                             0         0         0.012   
                                                                                                                                                                                                                                                                                                                                             7.4e-05  -1.5e-10   5.9e-05   1.6e-05 
                                                                                                                                                                                                                                                                                                                                             1.6e-12   7.4e-05  -3.8e-06  -1.1e-07   1.3e-05 
                                                                                                                                                                                                                                                                                                                                            -3.8e-06  -5.9e-05  -1.5e-10  -4.8e-08  -4.6e-07   2.8e-05 

M
     0:  7.2     
     0: -0.0072     1:  5       
     0:  1.6        1: -0.0041     2:  3.4     
     0:  0.0053     1: -1.3        2:  0.00038    3:  2.9     
     0: -0.31       1:  0.006      2: -0.38       3:  0.00055    4:  1.5     
     0:  0.007      1: -0.43       2:  0.0047     3:  0.51       4:  0.00091    5:  1.2     
     0: -0.2        1: -0.0031     2: -0.19       3:  0.0022     4:  0.12       5: -2.1e-16    6:  0.91    
     0: -0.049      1: -0.0011     2: -0.046      3:  0.0021     4: -0.012      5:  0.00067    6:  1.4e-17    7:  1.1     
     0: -0.049      1: -0.0011     2: -0.046      3:  0.0021     4: -0.012      5:  0.00067    6:  6.9e-18    8:  1.1     
     9:  0.016   
     9:  0         10:  0.016   
     9:  0         10:  0         11:  0.016   
     9: -0.0009    10: -9.7e-10   11: -1.7e-05   12:  7.7e-05 
     9:  9.4e-10   10: -0.0009    11: -0.00017   12:  2.4e-07   13:  8.5e-05 
     9:  0.00017   10: -1.7e-05   11: -1.2e-11   12: -8.9e-06   13:  6.4e-07   14:  3e-05   
    15:  0.029   
    15:  0         16:  0.029   
    15:  0         16:  0         17:  0.029   
    15: -0.0018    16: -1.6e-09   17: -8.3e-05   18:  0.00017 
    15:  8.5e-10   16: -0.0018    17:  0.00045   18: -2e-06     19:  0.00018 
    15: -0.00045   16: -8.3e-05   17: -7e-10     18:  2.7e-05   19:  5.3e-06   20:  4.1e-05 
    21:  0.031   
    21:  0         22:  0.031   
    21:  0         22:  0         23:  0.031   
    21: -0.0016    22:  7.2e-10   23:  1.6e-05   24:  0.00013 
    21: -1.2e-09   22: -0.0016    23:  0.00042   24:  8e-07     25:  0.00015 
    21: -0.00042   22:  1.6e-05   23: -4.9e-10   24:  2.1e-05   25: -1e-06     26:  6.4e-05 
    27:  0.012   
    27:  0         28:  0.012   
    27:  0         28:  0         29:  0.012   
    27:  7.4e-05   28: -1.5e-10   29:  5.9e-05   30:  1.6e-05 
    27:  1.6e-12   28:  7.4e-05   29: -3.8e-06   30: -1.1e-07   31:  1.3e-05 
    27: -3.8e-06   28: -5.9e-05   29: -1.5e-10   30: -4.8e-08   31: -4.6e-07   32:  2.8e-05 
    33:  0.012   
    33:  0         34:  0.012   
    33:  0         34:  0         35:  0.012   
    33:  7.4e-05   34: -1.5e-10   35:  5.9e-05   36:  1.6e-05 
    33:  1.6e-12   34:  7.4e-05   35: -3.8e-06   36: -1.1e-07   37:  1.3e-05 
    33: -3.8e-06   34: -5.9e-05   35: -1.5e-10   36: -4.8e-08   37: -4.6e-07   38:  2.8e-05 

QLD
     0:  6.4     
     0: -0.00044    1:  4.3     
     0:  0.47       1: -0.00062    2:  3.2     
     0:  0.0011     1: -0.44       2: -0.00036    3:  2.7     
     0: -0.19       1:  0.0045     2: -0.23       3: -5.2e-05    4:  1.5     
     0:  0.0058     1: -0.36       2:  0.0039     3:  0.41       4:  0.00075    5:  1.2     
     0: -0.22       1: -0.0034     2: -0.21       3:  0.0024     4:  0.13       5: -2.3e-16    6:  0.91    
     0: -0.044      1: -0.001      2: -0.042      3:  0.0019     4: -0.011      5:  0.0006     6:  1.3e-17    7:  1.1     
     0: -0.044      1: -0.001      2: -0.042      3:  0.0019     4: -0.011      5:  0.0006     6:  6.3e-18    8:  1.1     
     9:  0.0058  
     9:  0.0046    10:  0.0067  
     9: -0.012     10: -0.11      11:  0.016   
     9: -11        10: -0.0067    11: -0.22      12:  7.4e-05 
     9: -0.042     10: -11        11: -2         12:  0.0051    13:  8.5e-05 
     9:  5.6       10: -0.57      11: -4.2e-07   12: -0.3       13:  0.021     14:  3e-05   
    15:  0.0094  
    15: -0.019     16:  0.01    
    15: -0.029     16:  0.16      17:  0.028   
    15: -9.8       16: -0.0041    17: -0.44      18:  0.00016 
    15:  0.31      16: -9.9       17:  2.4       18: -0.03      19:  0.00018 
    15: -11        16: -2         17: -1.7e-05   18:  0.65      19:  0.13      20:  4.1e-05 
    21:  0.012   
    21:  0.0065    22:  0.013   
    21:  0.0054    22:  0.15      23:  0.03    
    21: -12        22:  0.056     23:  0.099     24:  0.00012 
    21: -0.045     22: -11        23:  2.9       24:  0.0077    25:  0.00015 
    21: -6.5       22:  0.24      23: -7.6e-06   24:  0.33      25: -0.016     26:  6.4e-05 
    27:  0.011   
    27: -0.00087   28:  0.011   
    27: -0.025     28:  0.0017    29:  0.011   
    27:  4.7       28:  0.032     29:  3.7       30:  1.6e-05 
    27: -0.0046    28:  5.5       29: -0.28      30: -0.0082    31:  1.3e-05 
    27: -0.13      28: -2.1       29: -5.3e-06   30: -0.0017    31: -0.016     32:  2.8e-05 
    33:  0.011   
    33: -0.00087   34:  0.011   
    33: -0.025     34:  0.0017    35:  0.011   
    33:  4.7       34:  0.032     35:  3.7       36:  1.6e-05 
    33: -0.0046    34:  5.5       35: -0.28      36: -0.0082    37:  1.3e-05 
    33: -0.13      34: -2.1       35: -5.3e-06   36: -0.0017    37: -0.016     38:  2.8e-05 

QLDIAGINV
   0.16    
   0.23    
   0.31    
   0.38    
   0.67    
   0.82    
   1.1     
   0.9     
   0.9     
   1.7e+02 
   1.5e+02 
   62      
   1.3e+04 
   1.2e+04 
   3.4e+04 
   1.1e+02 
   96      
   35      
   6.4e+03 
   5.5e+03 
   2.4e+04 
   87      
   75      
   34      
   8e+03   
   6.8e+03 
   1.6e+04 
   90      
   91      
   88      
   6.3e+04 
   7.5e+04 
   3.6e+04 
   90      
   91      
   88      
   6.3e+04 
   7.5e+04 
   3.6e+04 

QH
     0:  6.4     
     0: -0.00044    1:  4.3     
     0:  0.47       1: -0.00062    2:  3.2     
     0:  0.0011     1: -0.44       2: -0.00037    3:  2.7     
     0: -0.19       1:  0.0045     2: -0.23       3: -5.6e-05    4:  1.5     
     0:  0.0058     1: -0.36       2:  0.0039     3:  0.41       4:  0.00075    5:  1.2     
     0: -0.22       1: -0.0034     2: -0.21       3:  0.0024     4:  0.13       5: -2.3e-16    6:  0.91    
     0: -0.037      1: -0.00085    2: -0.035      3:  0.0016     4: -0.0093     5:  0.00051    6:  1.1e-17    7:  1.3     
     0: -0.037      1: -0.00085    2: -0.035      3:  0.0016     4: -0.0093     5:  0.00051    6:  5.3e-18    8:  1.3     
     9:  0.006   
     9:  0.0045    10:  0.0069  
     9: -0.012     10: -0.11      11:  0.016   
     9: -11        10: -0.006     11: -0.21      12:  7.6e-05 
     9: -0.04      10: -10        11: -1.9       12:  0.005     13:  8.6e-05 
     9:  5.4       10: -0.55      11: -4e-07     12: -0.29      13:  0.021     14:  3.1e-05 
    15:  0.0096  
    15: -0.019     16:  0.011   
    15: -0.029     16:  0.16      17:  0.028   
    15: -9.7       16: -0.0051    17: -0.44      18:  0.00016 
    15:  0.3       16: -9.9       17:  2.4       18: -0.029     19:  0.00018 
    15: -11        16: -1.9       17: -1.6e-05   18:  0.64      19:  0.13      20:  4.2e-05 
    21:  0.012   
    21:  0.0064    22:  0.013   
    21:  0.0054    22:  0.15      23:  0.03    
    21: -11        22:  0.056     23:  0.098     24:  0.00013 
    21: -0.044     22: -11        23:  2.8       24:  0.0076    25:  0.00015 
    21: -6.4       22:  0.24      23: -7.5e-06   24:  0.32      25: -0.016     26:  6.5e-05 
    27:  0.011   
    27: -0.00082   28:  0.011   
    27: -0.023     28:  0.0016    29:  0.011   
    27:  4.4       28:  0.028     29:  3.5       30:  1.7e-05 
    27: -0.0041    28:  5.1       29: -0.26      30: -0.0077    31:  1.4e-05 
    27: -0.13      28: -2         29: -5.1e-06   30: -0.0017    31: -0.016     32:  2.9e-05 
    33:  0.011   
    33: -0.00082   34:  0.011   
    33: -0.023     34:  0.0016    35:  0.011   
    33:  4.4       34:  0.028     35:  3.5       36:  1.7e-05 
    33: -0.0041    34:  5.1       35: -0.26      36: -0.0077    37:  1.4e-05 
    33: -0.13      34: -2         35: -5.1e-06   36: -0.0017    37: -0.016     38:  2.9e-05 

QHDIAGINV
   0.16    
   0.23    
   0.31    
   0.38    
   0.67    
   0.82    
   1.1     
   0.76    
   0.76    
   1.7e+02 
   1.5e+02 
   62      
   1.3e+04 
   1.2e+04 
   3.2e+04 
   1e+02   
   95      
   35      
   6.3e+03 
   5.4e+03 
   2.4e+04 
   86      
   74      
   34      
   8e+03   
   6.7e+03 
   1.5e+04 
   89      
   91      
   88      
   5.9e+04 
   6.9e+04 
   3.5e+04 
   89      
   91      
   88      
   5.9e+04 
   6.9e+04 
   3.5e+04 

B: body-dof matrix
-----------------------------------------
 xxxxxxxxxxxxxxxxxxxxxxxxxxxxxxxxxxxxxxx |
                                         |
                                         |
                                         |
 xxxxxxxxx                               |
 xxxxxxxxx                               |
 xxxxxxxxx                               |
 xxxxxxxxx                               |
 xxxxxxxxx                               |
 xxxxxxxxx                               |
 xxxxxxxxx                               |
 xxxxxxxxx                               |
 xxxxxxxxx                               |
 xxxxxxxxx                               |
 xxxxxxxxx                               |
 xxxxxxx                                 |
 xxxxxxxx                                |
 xxxxxxxx                                |
 xxxxxxx x                               |
 xxxxxxx x                               |
                                         |
          xxxxxx                         |
                xxxxxx                   |
                      xxxxxx             |
                            xxxxxx       |
                                  xxxxxx |
-----------------------------------------

B_rownnz              39 0 0 0 9 9 9 9 9 9 9 9 9 9 9 7 8 8 8 8 0 6 6 6 6 6

B_rowadr              0 39 39 39 39 48 57 66 75 84 93 102 111 120 129 138 145 153 161 169 177 177 183 189 195 201

B_colind              0 1 2 3 4 5 6 7 8 9 10 11 12 13 14 15 16 17 18 19 20 21 22 23 24 25 26 27 28 29 30 31 32 33 34 35 36 37 38 0 1 2 3 4 5 6 7 8 0 1 2 3 4 5 6 7 8 0 1 2 3 4 5 6 7 8 0 1 2 3 4 5 6 7 8 0 1 2 3 4 5 6 7 8 0 1 2 3 4 5 6 7 8 0 1 2 3 4 5 6 7 8 0 1 2 3 4 5 6 7 8 0 1 2 3 4 5 6 7 8 0 1 2 3 4 5 6 7 8 0 1 2 3 4 5 6 7 8 0 1 2 3 4 5 6 0 1 2 3 4 5 6 7 0 1 2 3 4 5 6 7 0 1 2 3 4 5 6 8 0 1 2 3 4 5 6 8 9 10 11 12 13 14 15 16 17 18 19 20 21 22 23 24 25 26 27 28 29 30 31 32 33 34 35 36 37 38

M: reduced inertia matrix
-----------------------------------------
 x                                       |
 xx                                      |
 xxx                                     |
 xxxx                                    |
 xxxxx                                   |
 xxxxxx                                  |
 xxxxxxx                                 |
 xxxxxxxx                                |
 xxxxxxx x                               |
          x                              |
          xx                             |
          xxx                            |
          xxxx                           |
          xxxxx                          |
          xxxxxx                         |
                x                        |
                xx                       |
                xxx                      |
                xxxx                     |
                xxxxx                    |
                xxxxxx                   |
                      x                  |
                      xx                 |
                      xxx                |
                      xxxx               |
                      xxxxx              |
                      xxxxxx             |
                            x            |
                            xx           |
                            xxx          |
                            xxxx         |
                            xxxxx        |
                            xxxxxx       |
                                  x      |
                                  xx     |
                                  xxx    |
                                  xxxx   |
                                  xxxxx  |
                                  xxxxxx |
-----------------------------------------

M_rownnz              1 2 3 4 5 6 7 8 8 1 2 3 4 5 6 1 2 3 4 5 6 1 2 3 4 5 6 1 2 3 4 5 6 1 2 3 4 5 6

M_rowadr              0 1 3 6 10 15 21 28 36 44 45 47 50 54 59 65 66 68 71 75 80 86 87 89 92 96 101 107 108 110 113 117 122 128 129 131 134 138 143

M_colind              0 0 1 0 1 2 0 1 2 3 0 1 2 3 4 0 1 2 3 4 5 0 1 2 3 4 5 6 0 1 2 3 4 5 6 7 0 1 2 3 4 5 6 8 9 9 10 9 10 11 9 10 11 12 9 10 11 12 13 9 10 11 12 13 14 15 15 16 15 16 17 15 16 17 18 15 16 17 18 19 15 16 17 18 19 20 21 21 22 21 22 23 21 22 23 24 21 22 23 24 25 21 22 23 24 25 26 27 27 28 27 28 29 27 28 29 30 27 28 29 30 31 27 28 29 30 31 32 33 33 34 33 34 35 33 34 35 36 33 34 35 36 37 33 34 35 36 37 38

mapM2M                0 2 1 5 4 3 9 8 7 6 14 13 12 11 10 20 19 18 17 16 15 27 26 25 24 23 22 21 35 34 33 32 31 30 29 28 43 42 41 40 39 38 37 36 44 46 45 49 48 47 53 52 51 50 58 57 56 55 54 64 63 62 61 60 59 65 67 66 70 69 68 74 73 72 71 79 78 77 76 75 85 84 83 82 81 80 86 88 87 91 90 89 95 94 93 92 100 99 98 97 96 106 105 104 103 102 101 107 109 108 112 111 110 116 115 114 113 121 120 119 118 117 127 126 125 124 123 122 128 130 129 133 132 131 137 136 135 134 142 141 140 139 138 148 147 146 145 144 143

D: dof-dof matrix
-----------------------------------------
 Dxxxxxxxx                               |
 xDxxxxxxx                               |
 xxDxxxxxx                               |
 xxxDxxxxx                               |
 xxxxDxxxx                               |
 xxxxxDxxx                               |
 xxxxxxDxx                               |
 xxxxxxxD                                |
 xxxxxxx D                               |
          Dxxxxx                         |
          xDxxxx                         |
          xxDxxx                         |
          xxxDxx                         |
          xxxxDx                         |
          xxxxxD                         |
                Dxxxxx                   |
                xDxxxx                   |
                xxDxxx                   |
                xxxDxx                   |
                xxxxDx                   |
                xxxxxD                   |
                      Dxxxxx             |
                      xDxxxx             |
                      xxDxxx             |
                      xxxDxx             |
                      xxxxDx             |
                      xxxxxD             |
                            Dxxxxx       |
                            xDxxxx       |
                            xxDxxx       |
                            xxxDxx       |
                            xxxxDx       |
                            xxxxxD       |
                                  Dxxxxx |
                                  xDxxxx |
                                  xxDxxx |
                                  xxxDxx |
                                  xxxxDx |
                                  xxxxxD |
-----------------------------------------

D_rownnz              9 9 9 9 9 9 9 8 8 6 6 6 6 6 6 6 6 6 6 6 6 6 6 6 6 6 6 6 6 6 6 6 6 6 6 6 6 6 6

D_rowadr              0 9 18 27 36 45 54 63 71 79 85 91 97 103 109 115 121 127 133 139 145 151 157 163 169 175 181 187 193 199 205 211 217 223 229 235 241 247 253

D_colind              0 1 2 3 4 5 6 7 8 0 1 2 3 4 5 6 7 8 0 1 2 3 4 5 6 7 8 0 1 2 3 4 5 6 7 8 0 1 2 3 4 5 6 7 8 0 1 2 3 4 5 6 7 8 0 1 2 3 4 5 6 7 8 0 1 2 3 4 5 6 7 0 1 2 3 4 5 6 8 9 10 11 12 13 14 9 10 11 12 13 14 9 10 11 12 13 14 9 10 11 12 13 14 9 10 11 12 13 14 9 10 11 12 13 14 15 16 17 18 19 20 15 16 17 18 19 20 15 16 17 18 19 20 15 16 17 18 19 20 15 16 17 18 19 20 15 16 17 18 19 20 21 22 23 24 25 26 21 22 23 24 25 26 21 22 23 24 25 26 21 22 23 24 25 26 21 22 23 24 25 26 21 22 23 24 25 26 27 28 29 30 31 32 27 28 29 30 31 32 27 28 29 30 31 32 27 28 29 30 31 32 27 28 29 30 31 32 27 28 29 30 31 32 33 34 35 36 37 38 33 34 35 36 37 38 33 34 35 36 37 38 33 34 35 36 37 38 33 34 35 36 37 38 33 34 35 36 37 38

mapM2D                0 2 5 9 14 20 27 35 43 2 1 4 8 13 19 26 34 42 5 4 3 7 12 18 25 33 41 9 8 7 6 11 17 24 32 40 14 13 12 11 10 16 23 31 39 20 19 18 17 16 15 22 30 38 27 26 25 24 23 22 21 29 37 35 34 33 32 31 30 29 28 43 42 41 40 39 38 37 36 44 46 49 53 58 64 46 45 48 52 57 63 49 48 47 51 56 62 53 52 51 50 55 61 58 57 56 55 54 60 64 63 62 61 60 59 65 67 70 74 79 85 67 66 69 73 78 84 70 69 68 72 77 83 74 73 72 71 76 82 79 78 77 76 75 81 85 84 83 82 81 80 86 88 91 95 100 106 88 87 90 94 99 105 91 90 89 93 98 104 95 94 93 92 97 103 100 99 98 97 96 102 106 105 104 103 102 101 107 109 112 116 121 127 109 108 111 115 120 126 112 111 110 114 119 125 116 115 114 113 118 124 121 120 119 118 117 123 127 126 125 124 123 122 128 130 133 137 142 148 130 129 132 136 141 147 133 132 131 135 140 146 137 136 135 134 139 145 142 141 140 139 138 144 148 147 146 145 144 143

mapD2M                0 10 9 20 19 18 30 29 28 27 40 39 38 37 36 50 49 48 47 46 45 60 59 58 57 56 55 54 70 69 68 67 66 65 64 63 78 77 76 75 74 73 72 71 79 86 85 93 92 91 100 99 98 97 107 106 105 104 103 114 113 112 111 110 109 115 122 121 129 128 127 136 135 134 133 143 142 141 140 139 150 149 148 147 146 145 151 158 157 165 164 163 172 171 170 169 179 178 177 176 175 186 185 184 183 182 181 187 194 193 201 200 199 208 207 206 205 215 214 213 212 211 222 221 220 219 218 217 223 230 229 237 236 235 244 243 242 241 251 250 249 248 247 258 257 256 255 254 253

CONTACT
  0:
     dim           3
     geoms         10 : porcelain_mug_1_g5
     exclude       0
     efc_address   9
     solref         0.001     1       
     solimp         1         1         0.001     0.5       2       
     dist          -2.2e-08 
     includemargin  0       
     pos           -0.08     -0.17      0.44    
     frame          0         0         1         0         1         0        -1         0         0       
     friction       0.95      0.95      0.3       0.1       0.1     
     mu             0.21    
     force          0.011    -1.3e-16  -1e-17     0         0         0       
  1:
     dim           3
     geoms         10 : porcelain_mug_1_g5
     exclude       0
     efc_address   12
     solref         0.001     1       
     solimp         1         1         0.001     0.5       2       
     dist          -1.3e-08 
     includemargin  0       
     pos           -0.08     -0.2       0.44    
     frame          0         0         1         0         1         0        -1         0         0       
     friction       0.95      0.95      0.3       0.1       0.1     
     mu             0.21    
     force          0.0065   -1.5e-16   1.3e-17   0         0         0       
  2:
     dim           3
     geoms         10 : porcelain_mug_1_g5
     exclude       0
     efc_address   15
     solref         0.001     1       
     solimp         1         1         0.001     0.5       2       
     dist          -1.9e-08 
     includemargin  0       
     pos           -0.12     -0.17      0.44    
     frame          0         0         1         0         1         0        -1         0         0       
     friction       0.95      0.95      0.3       0.1       0.1     
     mu             0.21    
     force          0.0099   -1.3e-16  -4.8e-18   0         0         0       
  3:
     dim           3
     geoms         10 : porcelain_mug_1_g5
     exclude       0
     efc_address   18
     solref         0.001     1       
     solimp         1         1         0.001     0.5       2       
     dist          -1e-08   
     includemargin  0       
     pos           -0.12     -0.2       0.44    
     frame          0         0         1         0         1         0        -1         0         0       
     friction       0.95      0.95      0.3       0.1       0.1     
     mu             0.21    
     force          0.0053   -1.6e-16   1.8e-17   0         0         0       
  4:
     dim           3
     geoms         10 : porcelain_mug_1_g19
     exclude       0
     efc_address   21
     solref         0.001     1       
     solimp         1         1         0.001     0.5       2       
     dist          -1.8e-08 
     includemargin  0       
     pos           -0.12     -0.17      0.44    
     frame          0         0         1         0         1         0        -1         0         0       
     friction       0.95      0.95      0.3       0.1       0.1     
     mu             0.21    
     force          0.0094   -1.4e-16  -2.5e-18   0         0         0       
  5:
     dim           3
     geoms         10 : porcelain_mug_1_g19
     exclude       0
     efc_address   24
     solref         0.001     1       
     solimp         1         1         0.001     0.5       2       
     dist          -1.8e-08 
     includemargin  0       
     pos           -0.12     -0.17      0.44    
     frame          0         0         1         0         1         0        -1         0         0       
     friction       0.95      0.95      0.3       0.1       0.1     
     mu             0.21    
     force          0.0092   -1.4e-16  -1.6e-18   0         0         0       
  6:
     dim           3
     geoms         10 : porcelain_mug_1_g19
     exclude       0
     efc_address   27
     solref         0.001     1       
     solimp         1         1         0.001     0.5       2       
     dist          -1.1e-08 
     includemargin  0       
     pos           -0.12     -0.2       0.44    
     frame          0         0         1         0         1         0        -1         0         0       
     friction       0.95      0.95      0.3       0.1       0.1     
     mu             0.21    
     force          0.0056   -1.5e-16   1.7e-17   0         0         0       
  7:
     dim           3
     geoms         10 : porcelain_mug_1_g19
     exclude       0
     efc_address   30
     solref         0.001     1       
     solimp         1         1         0.001     0.5       2       
     dist          -1e-08   
     includemargin  0       
     pos           -0.12     -0.2       0.44    
     frame          0         0         1         0         1         0        -1         0         0       
     friction       0.95      0.95      0.3       0.1       0.1     
     mu             0.21    
     force          0.0054   -1.6e-16   1.8e-17   0         0         0       
  8:
     dim           3
     geoms         10 : porcelain_mug_1_g20
     exclude       0
     efc_address   33
     solref         0.001     1       
     solimp         1         1         0.001     0.5       2       
     dist          -1.2e-08 
     includemargin  0       
     pos           -0.08     -0.21      0.44    
     frame          0         0         1         0         1         0        -1         0         0       
     friction       0.95      0.95      0.3       0.1       0.1     
     mu             0.21    
     force          0.0064   -1.5e-16   1.3e-17   0         0         0       
  9:
     dim           3
     geoms         10 : porcelain_mug_1_g20
     exclude       0
     efc_address   36
     solref         0.001     1       
     solimp         1         1         0.001     0.5       2       
     dist          -1.1e-08 
     includemargin  0       
     pos           -0.08     -0.21      0.44    
     frame          0         0         1         0         1         0        -1         0         0       
     friction       0.95      0.95      0.3       0.1       0.1     
     mu             0.21    
     force          0.0055   -1.6e-16   1.8e-17   0         0         0       
  10:
     dim           3
     geoms         10 : porcelain_mug_1_g20
     exclude       0
     efc_address   39
     solref         0.001     1       
     solimp         1         1         0.001     0.5       2       
     dist          -1e-08   
     includemargin  0       
     pos           -0.11     -0.21      0.44    
     frame          0         0         1         0         1         0        -1         0         0       
     friction       0.95      0.95      0.3       0.1       0.1     
     mu             0.21    
     force          0.0053   -1.6e-16   1.8e-17   0         0         0       
  11:
     dim           3
     geoms         10 : porcelain_mug_1_g20
     exclude       0
     efc_address   42
     solref         0.001     1       
     solimp         1         1         0.001     0.5       2       
     dist          -8.6e-09 
     includemargin  0       
     pos           -0.11     -0.21      0.44    
     frame          0         0         1         0         1         0        -1         0         0       
     friction       0.95      0.95      0.3       0.1       0.1     
     mu             0.21    
     force          0.0044   -1.6e-16   2.2e-17   0         0         0       
  12:
     dim           3
     geoms         10 : porcelain_mug_1_g21
     exclude       0
     efc_address   45
     solref         0.001     1       
     solimp         1         1         0.001     0.5       2       
     dist          -2.2e-08 
     includemargin  0       
     pos           -0.084    -0.16      0.44    
     frame          0         0         1         0         1         0        -1         0         0       
     friction       0.95      0.95      0.3       0.1       0.1     
     mu             0.21    
     force          0.012    -1.3e-16  -1.3e-17   0         0         0       
  13:
     dim           3
     geoms         10 : porcelain_mug_1_g21
     exclude       0
     efc_address   48
     solref         0.001     1       
     solimp         1         1         0.001     0.5       2       
     dist          -2.1e-08 
     includemargin  0       
     pos           -0.084    -0.17      0.44    
     frame          0         0         1         0         1         0        -1         0         0       
     friction       0.95      0.95      0.3       0.1       0.1     
     mu             0.21    
     force          0.011    -1.3e-16  -8.1e-18   0         0         0       
  14:
     dim           3
     geoms         10 : porcelain_mug_1_g21
     exclude       0
     efc_address   51
     solref         0.001     1       
     solimp         1         1         0.001     0.5       2       
     dist          -2e-08   
     includemargin  0       
     pos           -0.12     -0.16      0.44    
     frame          0         0         1         0         1         0        -1         0         0       
     friction       0.95      0.95      0.3       0.1       0.1     
     mu             0.21    
     force          0.011    -1.3e-16  -7.8e-18   0         0         0       
  15:
     dim           3
     geoms         10 : porcelain_mug_1_g21
     exclude       0
     efc_address   54
     solref         0.001     1       
     solimp         1         1         0.001     0.5       2       
     dist          -1.9e-08 
     includemargin  0       
     pos           -0.12     -0.17      0.44    
     frame          0         0         1         0         1         0        -1         0         0       
     friction       0.95      0.95      0.3       0.1       0.1     
     mu             0.21    
     force          0.0096   -1.4e-16  -3.4e-18   0         0         0       
  16:
     dim           3
     geoms         10 : porcelain_mug_1_g22
     exclude       0
     efc_address   57
     solref         0.001     1       
     solimp         1         1         0.001     0.5       2       
     dist          -2.1e-08 
     includemargin  0       
     pos           -0.075    -0.17      0.44    
     frame          0         0         1         0         1         0        -1         0         0       
     friction       0.95      0.95      0.3       0.1       0.1     
     mu             0.21    
     force          0.011    -1.3e-16  -8.6e-18   0         0         0       
  17:
     dim           3
     geoms         10 : porcelain_mug_1_g22
     exclude       0
     efc_address   60
     solref         0.001     1       
     solimp         1         1         0.001     0.5       2       
     dist          -2.1e-08 
     includemargin  0       
     pos           -0.081    -0.17      0.44    
     frame          0         0         1         0         1         0        -1         0         0       
     friction       0.95      0.95      0.3       0.1       0.1     
     mu             0.21    
     force          0.011    -1.3e-16  -7.7e-18   0         0         0       
  18:
     dim           3
     geoms         10 : porcelain_mug_1_g22
     exclude       0
     efc_address   63
     solref         0.001     1       
     solimp         1         1         0.001     0.5       2       
     dist          -1.4e-08 
     includemargin  0       
     pos           -0.075    -0.2       0.44    
     frame          0         0         1         0         1         0        -1         0         0       
     friction       0.95      0.95      0.3       0.1       0.1     
     mu             0.21    
     force          0.007    -1.5e-16   1.1e-17   0         0         0       
  19:
     dim           3
     geoms         10 : porcelain_mug_1_g22
     exclude       0
     efc_address   66
     solref         0.001     1       
     solimp         1         1         0.001     0.5       2       
     dist          -1.3e-08 
     includemargin  0       
     pos           -0.081    -0.2       0.44    
     frame          0         0         1         0         1         0        -1         0         0       
     friction       0.95      0.95      0.3       0.1       0.1     
     mu             0.21    
     force          0.0067   -1.5e-16   1.2e-17   0         0         0       
  20:
     dim           3
     geoms         10 : red_coffee_mug_1_g2
     exclude       0
     efc_address   69
     solref         0.001     1       
     solimp         1         1         0.001     0.5       2       
     dist          -1.2e-07 
     includemargin  0       
     pos           -0.24      0.015     0.44    
     frame          0         0         1         0         1         0        -1         0         0       
     friction       0.95      0.95      0.3       0.1       0.1     
     mu             0.21    
     force          0.11     -4.8e-16  -1.1e-15   0         0         0       
  21:
     dim           3
     geoms         10 : red_coffee_mug_1_g4
     exclude       0
     efc_address   72
     solref         0.001     1       
     solimp         1         1         0.001     0.5       2       
     dist          -3.2e-08 
     includemargin  0       
     pos           -0.23     -0.0049    0.44    
     frame          0         0         1         0         1         0        -1         0         0       
     friction       0.95      0.95      0.3       0.1       0.1     
     mu             0.21    
     force          0.03      2.4e-16  -1.4e-15   0         0         0       
  22:
     dim           3
     geoms         10 : red_coffee_mug_1_g5
     exclude       0
     efc_address   75
     solref         0.001     1       
     solimp         1         1         0.001     0.5       2       
     dist          -6.4e-08 
     includemargin  0       
     pos           -0.18      0.035     0.44    
     frame          0         0         1         0         1         0        -1         0         0       
     friction       0.95      0.95      0.3       0.1       0.1     
     mu             0.21    
     force          0.058     3.7e-16  -1.1e-15   0         0         0       
  23:
     dim           3
     geoms         10 : red_coffee_mug_1_g6
     exclude       0
     efc_address   78
     solref         0.001     1       
     solimp         1         1         0.001     0.5       2       
     dist          -6.2e-08 
     includemargin  0       
     pos           -0.18      0.022     0.44    
     frame          0         0         1         0         1         0        -1         0         0       
     friction       0.95      0.95      0.3       0.1       0.1     
     mu             0.21    
     force          0.057     4.1e-16  -1.2e-15   0         0         0       
  24:
     dim           3
     geoms         10 : red_coffee_mug_1_g7
     exclude       0
     efc_address   81
     solref         0.001     1       
     solimp         1         1         0.001     0.5       2       
     dist          -3.1e-08 
     includemargin  0       
     pos           -0.24      0.049     0.44    
     frame          0         0         1         0         1         0        -1         0         0       
     friction       0.95      0.95      0.3       0.1       0.1     
     mu             0.21    
     force          0.028     2e-16    -1e-15     0         0         0       
  25:
     dim           3
     geoms         10 : red_coffee_mug_1_g8
     exclude       0
     efc_address   84
     solref         0.001     1       
     solimp         1         1         0.001     0.5       2       
     dist          -4.4e-09 
     includemargin  0       
     pos           -0.22      0.057     0.44    
     frame          0         0         1         0         1         0        -1         0         0       
     friction       0.95      0.95      0.3       0.1       0.1     
     mu             0.21    
     force          0.004     4.9e-16  -1e-15     0         0         0       
  26:
     dim           3
     geoms         10 : white_yellow_mug_1_g23
     exclude       0
     efc_address   87
     solref         0.001     1       
     solimp         1         1         0.001     0.5       2       
     dist          -1.7e-08 
     includemargin  0       
     pos           -0.049     0.096     0.44    
     frame          0         0         1         0         1         0        -1         0         0       
     friction       0.95      0.95      0.3       0.1       0.1     
     mu             0.21    
     force          0.017     1.9e-15  -1.4e-16   0         0         0       
  27:
     dim           3
     geoms         10 : white_yellow_mug_1_g23
     exclude       0
     efc_address   90
     solref         0.001     1       
     solimp         1         1         0.001     0.5       2       
     dist          -6.5e-09 
     includemargin  0       
     pos           -0.032     0.096     0.44    
     frame          0         0         1         0         1         0        -1         0         0       
     friction       0.95      0.95      0.3       0.1       0.1     
     mu             0.21    
     force          0.0063    2.2e-15  -1.4e-16   0         0         0       
  28:
     dim           3
     geoms         10 : white_yellow_mug_1_g24
     exclude       0
     efc_address   93
     solref         0.001     1       
     solimp         1         1         0.001     0.5       2       
     dist          -1.2e-08 
     includemargin  0       
     pos           -0.032     0.095     0.44    
     frame          0         0         1         0         1         0        -1         0         0       
     friction       0.95      0.95      0.3       0.1       0.1     
     mu             0.21    
     force          0.011     2.2e-15  -1.5e-16   0         0         0       
  29:
     dim           3
     geoms         10 : white_yellow_mug_1_g25
     exclude       0
     efc_address   96
     solref         0.001     1       
     solimp         1         1         0.001     0.5       2       
     dist          -8.2e-10 
     includemargin  0       
     pos           -0.018     0.1       0.44    
     frame          0         0         1         0         1         0        -1         0         0       
     friction       0.95      0.95      0.3       0.1       0.1     
     mu             0.21    
     force          0.00079   2.5e-15   2.8e-18   0         0         0       
  30:
     dim           3
     geoms         10 : white_yellow_mug_1_g26
     exclude       0
     efc_address   99
     solref         0.001     1       
     solimp         1         1         0.001     0.5       2       
     dist          -1.2e-07 
     includemargin  0       
     pos           -0.01      0.12      0.44    
     frame          0         0         1         0         1         0        -1         0         0       
     friction       0.95      0.95      0.3       0.1       0.1     
     mu             0.21    
     force          0.12      2.7e-15   3e-16     0         0         0       
  31:
     dim           3
     geoms         10 : white_yellow_mug_1_g28
     exclude       0
     efc_address   102
     solref         0.001     1       
     solimp         1         1         0.001     0.5       2       
     dist          -2.8e-08 
     includemargin  0       
     pos           -0.034     0.15      0.44    
     frame          0         0         1         0         1         0        -1         0         0       
     friction       0.95      0.95      0.3       0.1       0.1     
     mu             0.21    
     force          0.027     2.2e-15   1e-15     0         0         0       
  32:
     dim           3
     geoms         10 : white_yellow_mug_1_g30
     exclude       0
     efc_address   105
     solref         0.001     1       
     solimp         1         1         0.001     0.5       2       
     dist          -1.5e-08 
     includemargin  0       
     pos           -0.062     0.14      0.44    
     frame          0         0         1         0         1         0        -1         0         0       
     friction       0.95      0.95      0.3       0.1       0.1     
     mu             0.21    
     force          0.014     1.6e-15   8.2e-16   0         0         0       
  33:
     dim           3
     geoms         10 : white_yellow_mug_1_g31
     exclude       0
     efc_address   108
     solref         0.001     1       
     solimp         1         1         0.001     0.5       2       
     dist          -3.2e-08 
     includemargin  0       
     pos           -0.068     0.13      0.44    
     frame          0         0         1         0         1         0        -1         0         0       
     friction       0.95      0.95      0.3       0.1       0.1     
     mu             0.21    
     force          0.031     1.5e-15   5.4e-16   0         0         0       
  34:
     dim           3
     geoms         10 : white_yellow_mug_1_g32
     exclude       0
     efc_address   111
     solref         0.001     1       
     solimp         1         1         0.001     0.5       2       
     dist          -3.6e-08 
     includemargin  0       
     pos           -0.067     0.11      0.44    
     frame          0         0         1         0         1         0        -1         0         0       
     friction       0.95      0.95      0.3       0.1       0.1     
     mu             0.21    
     force          0.035     1.5e-15   2.5e-16   0         0         0       
  35:
     dim           3
     geoms         10 : white_yellow_mug_1_g33
     exclude       0
     efc_address   114
     solref         0.001     1       
     solimp         1         1         0.001     0.5       2       
     dist          -3.2e-08 
     includemargin  0       
     pos           -0.069     0.12      0.44    
     frame          0         0         1         0         1         0        -1         0         0       
     friction       0.95      0.95      0.3       0.1       0.1     
     mu             0.21    
     force          0.031     1.5e-15   3.1e-16   0         0         0       
  36:
     dim           3
     geoms         10 : white_yellow_mug_1_g34
     exclude       0
     efc_address   117
     solref         0.001     1       
     solimp         1         1         0.001     0.5       2       
     dist          -1.4e-08 
     includemargin  0       
     pos           -0.062     0.1       0.44    
     frame          0         0         1         0         1         0        -1         0         0       
     friction       0.95      0.95      0.3       0.1       0.1     
     mu             0.21    
     force          0.013     1.6e-15   4.2e-17   0         0         0       
  37:
     dim           3
     geoms         10 : white_yellow_mug_1_g34
     exclude       0
     efc_address   120
     solref         0.001     1       
     solimp         1         1         0.001     0.5       2       
     dist          -7.5e-10 
     includemargin  0       
     pos           -0.047     0.096     0.44    
     frame          0         0         1         0         1         0        -1         0         0       
     friction       0.95      0.95      0.3       0.1       0.1     
     mu             0.21    
     force          0.00073   1.9e-15  -1.4e-16   0         0         0       
  38:
     dim           3
     geoms         10 : plate_1_g2
     exclude       0
     efc_address   123
     solref         0.001     1       
     solimp         1         1         0.001     0.5       2       
     dist          -1.7e-08 
     includemargin  0       
     pos           -0.012    -0.32      0.44    
     frame          0         0         1         0         1         0        -1         0         0       
     friction       0.95      0.95      0.3       0.1       0.1     
     mu             0.21    
     force          0.0063   -8.5e-18   1e-17     0         0         0       
  39:
     dim           3
     geoms         10 : plate_1_g3
     exclude       0
     efc_address   126
     solref         0.001     1       
     solimp         1         1         0.001     0.5       2       
     dist          -1.7e-08 
     includemargin  0       
     pos           -0.012    -0.32      0.44    
     frame          0         0         1         0         1         0        -1         0         0       
     friction       0.95      0.95      0.3       0.1       0.1     
     mu             0.21    
     force          0.0063   -8.5e-18   1e-17     0         0         0       
  40:
     dim           3
     geoms         10 : plate_1_g4
     exclude       0
     efc_address   129
     solref         0.001     1       
     solimp         1         1         0.001     0.5       2       
     dist          -4.4e-08 
     includemargin  0       
     pos           -0.023    -0.29      0.44    
     frame          0         0         1         0         1         0        -1         0         0       
     friction       0.95      0.95      0.3       0.1       0.1     
     mu             0.21    
     force          0.016    -6.5e-18   2.3e-18   0         0         0       
  41:
     dim           3
     geoms         10 : plate_1_g6
     exclude       0
     efc_address   132
     solref         0.001     1       
     solimp         1         1         0.001     0.5       2       
     dist          -1.2e-07 
     includemargin  0       
     pos            0.018    -0.25      0.44    
     frame          0         0         1         0         1         0        -1         0         0       
     friction       0.95      0.95      0.3       0.1       0.1     
     mu             0.21    
     force          0.044     1.2e-17  -2.7e-17   0         0         0       
  42:
     dim           3
     geoms         10 : plate_1_g8
     exclude       0
     efc_address   135
     solref         0.001     1       
     solimp         1         1         0.001     0.5       2       
     dist          -1.2e-09 
     includemargin  0       
     pos            0.062    -0.29      0.44    
     frame          0         0         1         0         1         0        -1         0         0       
     friction       0.95      0.95      0.3       0.1       0.1     
     mu             0.21    
     force          0.00044   1.5e-18   2.2e-17   0         0         0       
  43:
     dim           3
     geoms         10 : plate_1_g9
     exclude       0
     efc_address   138
     solref         0.001     1       
     solimp         1         1         0.001     0.5       2       
     dist          -5.2e-08 
     includemargin  0       
     pos            0.049    -0.32      0.44    
     frame          0         0         1         0         1         0        -1         0         0       
     friction       0.95      0.95      0.3       0.1       0.1     
     mu             0.21    
     force          0.019     6.8e-18  -6.6e-18   0         0         0       
  44:
     dim           3
     geoms         10 : plate_1_g10
     exclude       0
     efc_address   141
     solref         0.001     1       
     solimp         1         1         0.001     0.5       2       
     dist          -5.9e-08 
     includemargin  0       
     pos            0.018    -0.33      0.44    
     frame          0         0         1         0         1         0        -1         0         0       
     friction       0.95      0.95      0.3       0.1       0.1     
     mu             0.21    
     force          0.021     2.5e-18  -1.2e-17   0         0         0       
  45:
     dim           3
     geoms         10 : plate_2_g2
     exclude       0
     efc_address   144
     solref         0.001     1       
     solimp         1         1         0.001     0.5       2       
     dist          -1.7e-08 
     includemargin  0       
     pos           -0.037     0.27      0.44    
     frame          0         0         1         0         1         0        -1         0         0       
     friction       0.95      0.95      0.3       0.1       0.1     
     mu             0.21    
     force          0.0063   -2.1e-17   1.8e-17   0         0         0       
  46:
     dim           3
     geoms         10 : plate_2_g3
     exclude       0
     efc_address   147
     solref         0.001     1       
     solimp         1         1         0.001     0.5       2       
     dist          -1.7e-08 
     includemargin  0       
     pos           -0.037     0.27      0.44    
     frame          0         0         1         0         1         0        -1         0         0       
     friction       0.95      0.95      0.3       0.1       0.1     
     mu             0.21    
     force          0.0063   -2.1e-17   1.8e-17   0         0         0       
  47:
     dim           3
     geoms         10 : plate_2_g4
     exclude       0
     efc_address   150
     solref         0.001     1       
     solimp         1         1         0.001     0.5       2       
     dist          -4.4e-08 
     includemargin  0       
     pos           -0.048     0.29      0.44    
     frame          0         0         1         0         1         0        -1         0         0       
     friction       0.95      0.95      0.3       0.1       0.1     
     mu             0.21    
     force          0.016    -1.8e-17   2.1e-17   0         0         0       
  48:
     dim           3
     geoms         10 : plate_2_g6
     exclude       0
     efc_address   153
     solref         0.001     1       
     solimp         1         1         0.001     0.5       2       
     dist          -1.2e-07 
     includemargin  0       
     pos           -0.0068    0.34      0.44    
     frame          0         0         1         0         1         0        -1         0         0       
     friction       0.95      0.95      0.3       0.1       0.1     
     mu             0.21    
     force          0.044     5.7e-18   2.1e-17   0         0         0       
  49:
     dim           3
     geoms         10 : plate_2_g8
     exclude       0
     efc_address   156
     solref         0.001     1       
     solimp         1         1         0.001     0.5       2       
     dist          -1.2e-09 
     includemargin  0       
     pos            0.037     0.29      0.44    
     frame          0         0         1         0         1         0        -1         0         0       
     friction       0.95      0.95      0.3       0.1       0.1     
     mu             0.21    
     force          0.00044  -9.6e-18   2.5e-17   0         0         0       
  50:
     dim           3
     geoms         10 : plate_2_g9
     exclude       0
     efc_address   159
     solref         0.001     1       
     solimp         1         1         0.001     0.5       2       
     dist          -5.2e-08 
     includemargin  0       
     pos            0.024     0.26      0.44    
     frame          0         0         1         0         1         0        -1         0         0       
     friction       0.95      0.95      0.3       0.1       0.1     
     mu             0.21    
     force          0.019    -2.1e-18   1.4e-17   0         0         0       
  51:
     dim           3
     geoms         10 : plate_2_g10
     exclude       0
     efc_address   162
     solref         0.001     1       
     solimp         1         1         0.001     0.5       2       
     dist          -5.9e-08 
     includemargin  0       
     pos           -0.0074    0.25      0.44    
     frame          0         0         1         0         1         0        -1         0         0       
     friction       0.95      0.95      0.3       0.1       0.1     
     mu             0.21    
     force          0.021    -6.9e-18   1.1e-17   0         0         0       

EFC_TYPE
  1
  1
  1
  1
  1
  1
  1
  1
  1
  7
  7
  7
  7
  7
  7
  7
  7
  7
  7
  7
  7
  7
  7
  7
  7
  7
  7
  7
  7
  7
  7
  7
  7
  7
  7
  7
  7
  7
  7
  7
  7
  7
  7
  7
  7
  7
  7
  7
  7
  7
  7
  7
  7
  7
  7
  7
  7
  7
  7
  7
  7
  7
  7
  7
  7
  7
  7
  7
  7
  7
  7
  7
  7
  7
  7
  7
  7
  7
  7
  7
  7
  7
  7
  7
  7
  7
  7
  7
  7
  7
  7
  7
  7
  7
  7
  7
  7
  7
  7
  7
  7
  7
  7
  7
  7
  7
  7
  7
  7
  7
  7
  7
  7
  7
  7
  7
  7
  7
  7
  7
  7
  7
  7
  7
  7
  7
  7
  7
  7
  7
  7
  7
  7
  7
  7
  7
  7
  7
  7
  7
  7
  7
  7
  7
  7
  7
  7
  7
  7
  7
  7
  7
  7
  7
  7
  7
  7
  7
  7
  7
  7
  7
  7
  7
  7

EFC_ID
  0
  1
  2
  3
  4
  5
  6
  7
  8
  0
  0
  0
  1
  1
  1
  2
  2
  2
  3
  3
  3
  4
  4
  4
  5
  5
  5
  6
  6
  6
  7
  7
  7
  8
  8
  8
  9
  9
  9
  10
  10
  10
  11
  11
  11
  12
  12
  12
  13
  13
  13
  14
  14
  14
  15
  15
  15
  16
  16
  16
  17
  17
  17
  18
  18
  18
  19
  19
  19
  20
  20
  20
  21
  21
  21
  22
  22
  22
  23
  23
  23
  24
  24
  24
  25
  25
  25
  26
  26
  26
  27
  27
  27
  28
  28
  28
  29
  29
  29
  30
  30
  30
  31
  31
  31
  32
  32
  32
  33
  33
  33
  34
  34
  34
  35
  35
  35
  36
  36
  36
  37
  37
  37
  38
  38
  38
  39
  39
  39
  40
  40
  40
  41
  41
  41
  42
  42
  42
  43
  43
  43
  44
  44
  44
  45
  45
  45
  46
  46
  46
  47
  47
  47
  48
  48
  48
  49
  49
  49
  50
  50
  50
  51
  51
  51

EFC_J
   1         0         0         0         0         0         0         0         0         0         0         0         0         0         0         0         0         0         0         0         0         0         0         0         0         0         0         0         0         0         0         0         0         0         0         0         0         0         0       
   0         1         0         0         0         0         0         0         0         0         0         0         0         0         0         0         0         0         0         0         0         0         0         0         0         0         0         0         0         0         0         0         0         0         0         0         0         0         0       
   0         0         1         0         0         0         0         0         0         0         0         0         0         0         0         0         0         0         0         0         0         0         0         0         0         0         0         0         0         0         0         0         0         0         0         0         0         0         0       
   0         0         0         1         0         0         0         0         0         0         0         0         0         0         0         0         0         0         0         0         0         0         0         0         0         0         0         0         0         0         0         0         0         0         0         0         0         0         0       
   0         0         0         0         1         0         0         0         0         0         0         0         0         0         0         0         0         0         0         0         0         0         0         0         0         0         0         0         0         0         0         0         0         0         0         0         0         0         0       
   0         0         0         0         0         1         0         0         0         0         0         0         0         0         0         0         0         0         0         0         0         0         0         0         0         0         0         0         0         0         0         0         0         0         0         0         0         0         0       
   0         0         0         0         0         0         1         0         0         0         0         0         0         0         0         0         0         0         0         0         0         0         0         0         0         0         0         0         0         0         0         0         0         0         0         0         0         0         0       
   0         0         0         0         0         0         0         1         0         0         0         0         0         0         0         0         0         0         0         0         0         0         0         0         0         0         0         0         0         0         0         0         0         0         0         0         0         0         0       
   0         0         0         0         0         0         0         0         1         0         0         0         0         0         0         0         0         0         0         0         0         0         0         0         0         0         0         0         0         0         0         0         0         0         0         0         0         0         0       
   0         0         0         0         0         0         0         0         0         0         0         1         0.017     0.0038   -7.7e-09   0         0         0         0         0         0         0         0         0         0         0         0         0         0         0         0         0         0         0         0         0         0         0         0       
   0         0         0         0         0         0         0         0         0         0         1         0         5.6e-09  -0.0024    0.017     0         0         0         0         0         0         0         0         0         0         0         0         0         0         0         0         0         0         0         0         0         0         0         0       
   0         0         0         0         0         0         0         0         0        -1         0         0         0.0024   -3e-09     0.0038    0         0         0         0         0         0         0         0         0         0         0         0         0         0         0         0         0         0         0         0         0         0         0         0       
   0         0         0         0         0         0         0         0         0         0         0         1         0.017    -0.033    -1.2e-08   0         0         0         0         0         0         0         0         0         0         0         0         0         0         0         0         0         0         0         0         0         0         0         0       
   0         0         0         0         0         0         0         0         0         0         1         0         5.6e-09  -0.0024    0.017     0         0         0         0         0         0         0         0         0         0         0         0         0         0         0         0         0         0         0         0         0         0         0         0       
   0         0         0         0         0         0         0         0         0        -1         0         0         0.0024    1.6e-09  -0.033     0         0         0         0         0         0         0         0         0         0         0         0         0         0         0         0         0         0         0         0         0         0         0         0       
   0         0         0         0         0         0         0         0         0         0         0         1        -0.02      0.0038    1e-08     0         0         0         0         0         0         0         0         0         0         0         0         0         0         0         0         0         0         0         0         0         0         0         0       
   0         0         0         0         0         0         0         0         0         0         1         0        -1.2e-08  -0.0024   -0.02      0         0         0         0         0         0         0         0         0         0         0         0         0         0         0         0         0         0         0         0         0         0         0         0       
   0         0         0         0         0         0         0         0         0        -1         0         0         0.0024   -3e-09     0.0038    0         0         0         0         0         0         0         0         0         0         0         0         0         0         0         0         0         0         0         0         0         0         0         0       
   0         0         0         0         0         0         0         0         0         0         0         1        -0.02     -0.033     5.6e-09   0         0         0         0         0         0         0         0         0         0         0         0         0         0         0         0         0         0         0         0         0         0         0         0       
   0         0         0         0         0         0         0         0         0         0         1         0        -1.2e-08  -0.0024   -0.02      0         0         0         0         0         0         0         0         0         0         0         0         0         0         0         0         0         0         0         0         0         0         0         0       
   0         0         0         0         0         0         0         0         0        -1         0         0         0.0024    1.6e-09  -0.033     0         0         0         0         0         0         0         0         0         0         0         0         0         0         0         0         0         0         0         0         0         0         0         0       
   0         0         0         0         0         0         0         0         0         0         0         1        -0.021     0.00025   1e-08     0         0         0         0         0         0         0         0         0         0         0         0         0         0         0         0         0         0         0         0         0         0         0         0       
   0         0         0         0         0         0         0         0         0         0         1         0        -1.2e-08  -0.0024   -0.021     0         0         0         0         0         0         0         0         0         0         0         0         0         0         0         0         0         0         0         0         0         0         0         0       
   0         0         0         0         0         0         0         0         0        -1         0         0         0.0024   -2.6e-09   0.00025   0         0         0         0         0         0         0         0         0         0         0         0         0         0         0         0         0         0         0         0         0         0         0         0       
   0         0         0         0         0         0         0         0         0         0         0         1        -0.027     0.00025   1.3e-08   0         0         0         0         0         0         0         0         0         0         0         0         0         0         0         0         0         0         0         0         0         0         0         0       
   0         0         0         0         0         0         0         0         0         0         1         0        -1.6e-08  -0.0024   -0.027     0         0         0         0         0         0         0         0         0         0         0         0         0         0         0         0         0         0         0         0         0         0         0         0       
   0         0         0         0         0         0         0         0         0        -1         0         0         0.0024   -2.6e-09   0.00025   0         0         0         0         0         0         0         0         0         0         0         0         0         0         0         0         0         0         0         0         0         0         0         0       
   0         0         0         0         0         0         0         0         0         0         0         1        -0.021    -0.031     6.1e-09   0         0         0         0         0         0         0         0         0         0         0         0         0         0         0         0         0         0         0         0         0         0         0         0       
   0         0         0         0         0         0         0         0         0         0         1         0        -1.2e-08  -0.0024   -0.021     0         0         0         0         0         0         0         0         0         0         0         0         0         0         0         0         0         0         0         0         0         0         0         0       
   0         0         0         0         0         0         0         0         0        -1         0         0         0.0024    1.3e-09  -0.031     0         0         0         0         0         0         0         0         0         0         0         0         0         0         0         0         0         0         0         0         0         0         0         0       
   0         0         0         0         0         0         0         0         0         0         0         1        -0.027    -0.031     9.3e-09   0         0         0         0         0         0         0         0         0         0         0         0         0         0         0         0         0         0         0         0         0         0         0         0       
   0         0         0         0         0         0         0         0         0         0         1         0        -1.6e-08  -0.0024   -0.027     0         0         0         0         0         0         0         0         0         0         0         0         0         0         0         0         0         0         0         0         0         0         0         0       
   0         0         0         0         0         0         0         0         0        -1         0         0         0.0024    1.3e-09  -0.031     0         0         0         0         0         0         0         0         0         0         0         0         0         0         0         0         0         0         0         0         0         0         0         0       
   0         0         0         0         0         0         0         0         0         0         0         1         0.016    -0.034    -1.2e-08   0         0         0         0         0         0         0         0         0         0         0         0         0         0         0         0         0         0         0         0         0         0         0         0       
   0         0         0         0         0         0         0         0         0         0         1         0         5.3e-09  -0.0024    0.016     0         0         0         0         0         0         0         0         0         0         0         0         0         0         0         0         0         0         0         0         0         0         0         0       
   0         0         0         0         0         0         0         0         0        -1         0         0         0.0024    1.6e-09  -0.034     0         0         0         0         0         0         0         0         0         0         0         0         0         0         0         0         0         0         0         0         0         0         0         0       
   0         0         0         0         0         0         0         0         0         0         0         1         0.016    -0.041    -1.3e-08   0         0         0         0         0         0         0         0         0         0         0         0         0         0         0         0         0         0         0         0         0         0         0         0       
   0         0         0         0         0         0         0         0         0         0         1         0         5.3e-09  -0.0024    0.016     0         0         0         0         0         0         0         0         0         0         0         0         0         0         0         0         0         0         0         0         0         0         0         0       
   0         0         0         0         0         0         0         0         0        -1         0         0         0.0024    2.5e-09  -0.041     0         0         0         0         0         0         0         0         0         0         0         0         0         0         0         0         0         0         0         0         0         0         0         0       
   0         0         0         0         0         0         0         0         0         0         0         1        -0.017    -0.034     3.8e-09   0         0         0         0         0         0         0         0         0         0         0         0         0         0         0         0         0         0         0         0         0         0         0         0       
   0         0         0         0         0         0         0         0         0         0         1         0        -1.1e-08  -0.0024   -0.017     0         0         0         0         0         0         0         0         0         0         0         0         0         0         0         0         0         0         0         0         0         0         0         0       
   0         0         0         0         0         0         0         0         0        -1         0         0         0.0024    1.6e-09  -0.034     0         0         0         0         0         0         0         0         0         0         0         0         0         0         0         0         0         0         0         0         0         0         0         0       
   0         0         0         0         0         0         0         0         0         0         0         1        -0.017    -0.041     2.9e-09   0         0         0         0         0         0         0         0         0         0         0         0         0         0         0         0         0         0         0         0         0         0         0         0       
   0         0         0         0         0         0         0         0         0         0         1         0        -1.1e-08  -0.0024   -0.017     0         0         0         0         0         0         0         0         0         0         0         0         0         0         0         0         0         0         0         0         0         0         0         0       
   0         0         0         0         0         0         0         0         0        -1         0         0         0.0024    2.5e-09  -0.041     0         0         0         0         0         0         0         0         0         0         0         0         0         0         0         0         0         0         0         0         0         0         0         0       
   0         0         0         0         0         0         0         0         0         0         0         1         0.012     0.0088   -4.8e-09   0         0         0         0         0         0         0         0         0         0         0         0         0         0         0         0         0         0         0         0         0         0         0         0       
   0         0         0         0         0         0         0         0         0         0         1         0         3.3e-09  -0.0024    0.012     0         0         0         0         0         0         0         0         0         0         0         0         0         0         0         0         0         0         0         0         0         0         0         0       
   0         0         0         0         0         0         0         0         0        -1         0         0         0.0024   -3.6e-09   0.0088    0         0         0         0         0         0         0         0         0         0         0         0         0         0         0         0         0         0         0         0         0         0         0         0       
   0         0         0         0         0         0         0         0         0         0         0         1         0.012     0.0016   -5.7e-09   0         0         0         0         0         0         0         0         0         0         0         0         0         0         0         0         0         0         0         0         0         0         0         0       
   0         0         0         0         0         0         0         0         0         0         1         0         3.3e-09  -0.0024    0.012     0         0         0         0         0         0         0         0         0         0         0         0         0         0         0         0         0         0         0         0         0         0         0         0       
   0         0         0         0         0         0         0         0         0        -1         0         0         0.0024   -2.7e-09   0.0016    0         0         0         0         0         0         0         0         0         0         0         0         0         0         0         0         0         0         0         0         0         0         0         0       
   0         0         0         0         0         0         0         0         0         0         0         1        -0.021     0.0088    1.1e-08   0         0         0         0         0         0         0         0         0         0         0         0         0         0         0         0         0         0         0         0         0         0         0         0       
   0         0         0         0         0         0         0         0         0         0         1         0        -1.2e-08  -0.0024   -0.021     0         0         0         0         0         0         0         0         0         0         0         0         0         0         0         0         0         0         0         0         0         0         0         0       
   0         0         0         0         0         0         0         0         0        -1         0         0         0.0024   -3.6e-09   0.0088    0         0         0         0         0         0         0         0         0         0         0         0         0         0         0         0         0         0         0         0         0         0         0         0       
   0         0         0         0         0         0         0         0         0         0         0         1        -0.021     0.0016    1e-08     0         0         0         0         0         0         0         0         0         0         0         0         0         0         0         0         0         0         0         0         0         0         0         0       
   0         0         0         0         0         0         0         0         0         0         1         0        -1.2e-08  -0.0024   -0.021     0         0         0         0         0         0         0         0         0         0         0         0         0         0         0         0         0         0         0         0         0         0         0         0       
   0         0         0         0         0         0         0         0         0        -1         0         0         0.0024   -2.7e-09   0.0016    0         0         0         0         0         0         0         0         0         0         0         0         0         0         0         0         0         0         0         0         0         0         0         0       
   0         0         0         0         0         0         0         0         0         0         0         1         0.022     0.00025  -1.1e-08   0         0         0         0         0         0         0         0         0         0         0         0         0         0         0         0         0         0         0         0         0         0         0         0       
   0         0         0         0         0         0         0         0         0         0         1         0         8.1e-09  -0.0024    0.022     0         0         0         0         0         0         0         0         0         0         0         0         0         0         0         0         0         0         0         0         0         0         0         0       
   0         0         0         0         0         0         0         0         0        -1         0         0         0.0024   -2.6e-09   0.00025   0         0         0         0         0         0         0         0         0         0         0         0         0         0         0         0         0         0         0         0         0         0         0         0       
   0         0         0         0         0         0         0         0         0         0         0         1         0.016     0.00025  -7.5e-09   0         0         0         0         0         0         0         0         0         0         0         0         0         0         0         0         0         0         0         0         0         0         0         0       
   0         0         0         0         0         0         0         0         0         0         1         0         5e-09    -0.0024    0.016     0         0         0         0         0         0         0         0         0         0         0         0         0         0         0         0         0         0         0         0         0         0         0         0       
   0         0         0         0         0         0         0         0         0        -1         0         0         0.0024   -2.6e-09   0.00025   0         0         0         0         0         0         0         0         0         0         0         0         0         0         0         0         0         0         0         0         0         0         0         0       
   0         0         0         0         0         0         0         0         0         0         0         1         0.022    -0.031    -1.4e-08   0         0         0         0         0         0         0         0         0         0         0         0         0         0         0         0         0         0         0         0         0         0         0         0       
   0         0         0         0         0         0         0         0         0         0         1         0         8.1e-09  -0.0024    0.022     0         0         0         0         0         0         0         0         0         0         0         0         0         0         0         0         0         0         0         0         0         0         0         0       
   0         0         0         0         0         0         0         0         0        -1         0         0         0.0024    1.3e-09  -0.031     0         0         0         0         0         0         0         0         0         0         0         0         0         0         0         0         0         0         0         0         0         0         0         0       
   0         0         0         0         0         0         0         0         0         0         0         1         0.016    -0.031    -1.1e-08   0         0         0         0         0         0         0         0         0         0         0         0         0         0         0         0         0         0         0         0         0         0         0         0       
   0         0         0         0         0         0         0         0         0         0         1         0         5e-09    -0.0024    0.016     0         0         0         0         0         0         0         0         0         0         0         0         0         0         0         0         0         0         0         0         0         0         0         0       
   0         0         0         0         0         0         0         0         0        -1         0         0         0.0024    1.3e-09  -0.031     0         0         0         0         0         0         0         0         0         0         0         0         0         0         0         0         0         0         0         0         0         0         0         0       
   0         0         0         0         0         0         0         0         0         0         0         0         0         0         0         0         0         1        -0.031     0.0079   -8.1e-09   0         0         0         0         0         0         0         0         0         0         0         0         0         0         0         0         0         0       
   0         0         0         0         0         0         0         0         0         0         0         0         0         0         0         0         1         0        -3e-09     0.0018   -0.031     0         0         0         0         0         0         0         0         0         0         0         0         0         0         0         0         0         0       
   0         0         0         0         0         0         0         0         0         0         0         0         0         0         0        -1         0         0        -0.0018    1.4e-08   0.0079    0         0         0         0         0         0         0         0         0         0         0         0         0         0         0         0         0         0       
   0         0         0         0         0         0         0         0         0         0         0         0         0         0         0         0         0         1        -0.015    -0.012     2.1e-08   0         0         0         0         0         0         0         0         0         0         0         0         0         0         0         0         0         0       
   0         0         0         0         0         0         0         0         0         0         0         0         0         0         0         0         1         0        -6.9e-10   0.0018   -0.015     0         0         0         0         0         0         0         0         0         0         0         0         0         0         0         0         0         0       
   0         0         0         0         0         0         0         0         0         0         0         0         0         0         0        -1         0         0        -0.0018   -1.8e-08  -0.012     0         0         0         0         0         0         0         0         0         0         0         0         0         0         0         0         0         0       
   0         0         0         0         0         0         0         0         0         0         0         0         0         0         0         0         0         1         0.031     0.028    -4.8e-08   0         0         0         0         0         0         0         0         0         0         0         0         0         0         0         0         0         0       
   0         0         0         0         0         0         0         0         0         0         0         0         0         0         0         0         1         0         6.1e-09   0.0018    0.031     0         0         0         0         0         0         0         0         0         0         0         0         0         0         0         0         0         0       
   0         0         0         0         0         0         0         0         0         0         0         0         0         0         0        -1         0         0        -0.0018    4.6e-08   0.028     0         0         0         0         0         0         0         0         0         0         0         0         0         0         0         0         0         0       
   0         0         0         0         0         0         0         0         0         0         0         0         0         0         0         0         0         1         0.034     0.015    -2.9e-08   0         0         0         0         0         0         0         0         0         0         0         0         0         0         0         0         0         0       
   0         0         0         0         0         0         0         0         0         0         0         0         0         0         0         0         1         0         6.6e-09   0.0018    0.034     0         0         0         0         0         0         0         0         0         0         0         0         0         0         0         0         0         0       
   0         0         0         0         0         0         0         0         0         0         0         0         0         0         0        -1         0         0        -0.0018    2.5e-08   0.015     0         0         0         0         0         0         0         0         0         0         0         0         0         0         0         0         0         0       
   0         0         0         0         0         0         0         0         0         0         0         0         0         0         0         0         0         1        -0.023     0.042    -6.4e-08   0         0         0         0         0         0         0         0         0         0         0         0         0         0         0         0         0         0       
   0         0         0         0         0         0         0         0         0         0         0         0         0         0         0         0         1         0        -1.8e-09   0.0018   -0.023     0         0         0         0         0         0         0         0         0         0         0         0         0         0         0         0         0         0       
   0         0         0         0         0         0         0         0         0         0         0         0         0         0         0        -1         0         0        -0.0018    6.9e-08   0.042     0         0         0         0         0         0         0         0         0         0         0         0         0         0         0         0         0         0       
   0         0         0         0         0         0         0         0         0         0         0         0         0         0         0         0         0         1        -0.0075    0.05     -7.9e-08   0         0         0         0         0         0         0         0         0         0         0         0         0         0         0         0         0         0       
   0         0         0         0         0         0         0         0         0         0         0         0         0         0         0         0         1         0         4.6e-10   0.0018   -0.0075    0         0         0         0         0         0         0         0         0         0         0         0         0         0         0         0         0         0       
   0         0         0         0         0         0         0         0         0         0         0         0         0         0         0        -1         0         0        -0.0018    8.1e-08   0.05      0         0         0         0         0         0         0         0         0         0         0         0         0         0         0         0         0         0       
   0         0         0         0         0         0         0         0         0         0         0         0         0         0         0         0         0         0         0         0         0         0         0         1        -0.0098   -0.01     -6.7e-10   0         0         0         0         0         0         0         0         0         0         0         0       
   0         0         0         0         0         0         0         0         0         0         0         0         0         0         0         0         0         0         0         0         0         0         1         0         1.3e-08   9.7e-05  -0.0098    0         0         0         0         0         0         0         0         0         0         0         0       
   0         0         0         0         0         0         0         0         0         0         0         0         0         0         0         0         0         0         0         0         0        -1         0         0        -9.7e-05  -1.2e-08  -0.01      0         0         0         0         0         0         0         0         0         0         0         0       
   0         0         0         0         0         0         0         0         0         0         0         0         0         0         0         0         0         0         0         0         0         0         0         1         0.0078   -0.01      2.2e-08   0         0         0         0         0         0         0         0         0         0         0         0       
   0         0         0         0         0         0         0         0         0         0         0         0         0         0         0         0         0         0         0         0         0         0         1         0        -1e-08     9.7e-05   0.0078    0         0         0         0         0         0         0         0         0         0         0         0       
   0         0         0         0         0         0         0         0         0         0         0         0         0         0         0         0         0         0         0         0         0        -1         0         0        -9.7e-05  -1.2e-08  -0.01      0         0         0         0         0         0         0         0         0         0         0         0       
   0         0         0         0         0         0         0         0         0         0         0         0         0         0         0         0         0         0         0         0         0         0         0         1         0.0078   -0.011     2.3e-08   0         0         0         0         0         0         0         0         0         0         0         0       
   0         0         0         0         0         0         0         0         0         0         0         0         0         0         0         0         0         0         0         0         0         0         1         0        -1e-08     9.7e-05   0.0078    0         0         0         0         0         0         0         0         0         0         0         0       
   0         0         0         0         0         0         0         0         0         0         0         0         0         0         0         0         0         0         0         0         0        -1         0         0        -9.7e-05  -1.3e-08  -0.011     0         0         0         0         0         0         0         0         0         0         0         0       
   0         0         0         0         0         0         0         0         0         0         0         0         0         0         0         0         0         0         0         0         0         0         0         1         0.021    -0.003     3.1e-08   0         0         0         0         0         0         0         0         0         0         0         0       
   0         0         0         0         0         0         0         0         0         0         0         0         0         0         0         0         0         0         0         0         0         0         1         0        -2.8e-08   9.7e-05   0.021     0         0         0         0         0         0         0         0         0         0         0         0       
   0         0         0         0         0         0         0         0         0         0         0         0         0         0         0         0         0         0         0         0         0        -1         0         0        -9.7e-05  -3.7e-09  -0.003     0         0         0         0         0         0         0         0         0         0         0         0       
   0         0         0         0         0         0         0         0         0         0         0         0         0         0         0         0         0         0         0         0         0         0         0         1         0.029     0.011     2.5e-08   0         0         0         0         0         0         0         0         0         0         0         0       
   0         0         0         0         0         0         0         0         0         0         0         0         0         0         0         0         0         0         0         0         0         0         1         0        -3.8e-08   9.7e-05   0.029     0         0         0         0         0         0         0         0         0         0         0         0       
   0         0         0         0         0         0         0         0         0         0         0         0         0         0         0         0         0         0         0         0         0        -1         0         0        -9.7e-05   1.4e-08   0.011     0         0         0         0         0         0         0         0         0         0         0         0       
   0         0         0         0         0         0         0         0         0         0         0         0         0         0         0         0         0         0         0         0         0         0         0         1         0.0057    0.047    -4.9e-08   0         0         0         0         0         0         0         0         0         0         0         0       
   0         0         0         0         0         0         0         0         0         0         0         0         0         0         0         0         0         0         0         0         0         0         1         0        -7.6e-09   9.7e-05   0.0057    0         0         0         0         0         0         0         0         0         0         0         0       
   0         0         0         0         0         0         0         0         0         0         0         0         0         0         0         0         0         0         0         0         0        -1         0         0        -9.7e-05   5.7e-08   0.047     0         0         0         0         0         0         0         0         0         0         0         0       
   0         0         0         0         0         0         0         0         0         0         0         0         0         0         0         0         0         0         0         0         0         0         0         1        -0.022     0.037    -7.4e-08   0         0         0         0         0         0         0         0         0         0         0         0       
   0         0         0         0         0         0         0         0         0         0         0         0         0         0         0         0         0         0         0         0         0         0         1         0         2.9e-08   9.7e-05  -0.022     0         0         0         0         0         0         0         0         0         0         0         0       
   0         0         0         0         0         0         0         0         0         0         0         0         0         0         0         0         0         0         0         0         0        -1         0         0        -9.7e-05   4.5e-08   0.037     0         0         0         0         0         0         0         0         0         0         0         0       
   0         0         0         0         0         0         0         0         0         0         0         0         0         0         0         0         0         0         0         0         0         0         0         1        -0.029     0.023    -6.6e-08   0         0         0         0         0         0         0         0         0         0         0         0       
   0         0         0         0         0         0         0         0         0         0         0         0         0         0         0         0         0         0         0         0         0         0         1         0         3.8e-08   9.7e-05  -0.029     0         0         0         0         0         0         0         0         0         0         0         0       
   0         0         0         0         0         0         0         0         0         0         0         0         0         0         0         0         0         0         0         0         0        -1         0         0        -9.7e-05   2.8e-08   0.023     0         0         0         0         0         0         0         0         0         0         0         0       
   0         0         0         0         0         0         0         0         0         0         0         0         0         0         0         0         0         0         0         0         0         0         0         1        -0.028     0.0091   -4.8e-08   0         0         0         0         0         0         0         0         0         0         0         0       
   0         0         0         0         0         0         0         0         0         0         0         0         0         0         0         0         0         0         0         0         0         0         1         0         3.7e-08   9.7e-05  -0.028     0         0         0         0         0         0         0         0         0         0         0         0       
   0         0         0         0         0         0         0         0         0         0         0         0         0         0         0         0         0         0         0         0         0        -1         0         0        -9.7e-05   1.1e-08   0.0091    0         0         0         0         0         0         0         0         0         0         0         0       
   0         0         0         0         0         0         0         0         0         0         0         0         0         0         0         0         0         0         0         0         0         0         0         1        -0.029     0.012    -5.3e-08   0         0         0         0         0         0         0         0         0         0         0         0       
   0         0         0         0         0         0         0         0         0         0         0         0         0         0         0         0         0         0         0         0         0         0         1         0         3.8e-08   9.7e-05  -0.029     0         0         0         0         0         0         0         0         0         0         0         0       
   0         0         0         0         0         0         0         0         0         0         0         0         0         0         0         0         0         0         0         0         0        -1         0         0        -9.7e-05   1.4e-08   0.012     0         0         0         0         0         0         0         0         0         0         0         0       
   0         0         0         0         0         0         0         0         0         0         0         0         0         0         0         0         0         0         0         0         0         0         0         1        -0.023    -0.0011   -2.9e-08   0         0         0         0         0         0         0         0         0         0         0         0       
   0         0         0         0         0         0         0         0         0         0         0         0         0         0         0         0         0         0         0         0         0         0         1         0         3e-08     9.7e-05  -0.023     0         0         0         0         0         0         0         0         0         0         0         0       
   0         0         0         0         0         0         0         0         0         0         0         0         0         0         0         0         0         0         0         0         0        -1         0         0        -9.7e-05  -1.4e-09  -0.0011    0         0         0         0         0         0         0         0         0         0         0         0       
   0         0         0         0         0         0         0         0         0         0         0         0         0         0         0         0         0         0         0         0         0         0         0         1        -0.0077   -0.01      2.1e-09   0         0         0         0         0         0         0         0         0         0         0         0       
   0         0         0         0         0         0         0         0         0         0         0         0         0         0         0         0         0         0         0         0         0         0         1         0         1e-08     9.7e-05  -0.0077    0         0         0         0         0         0         0         0         0         0         0         0       
   0         0         0         0         0         0         0         0         0         0         0         0         0         0         0         0         0         0         0         0         0        -1         0         0        -9.7e-05  -1.2e-08  -0.01      0         0         0         0         0         0         0         0         0         0         0         0       
   0         0         0         0         0         0         0         0         0         0         0         0         0         0         0         0         0         0         0         0         0         0         0         0         0         0         0         0         0         1         0.031     0.028    -9.6e-08   0         0         0         0         0         0       
   0         0         0         0         0         0         0         0         0         0         0         0         0         0         0         0         0         0         0         0         0         0         0         0         0         0         0         0         1         0        -7.9e-08  -0.0025   -0.031     0         0         0         0         0         0       
   0         0         0         0         0         0         0         0         0         0         0         0         0         0         0         0         0         0         0         0         0         0         0         0         0         0         0        -1         0         0         0.0025   -1.7e-08  -0.028     0         0         0         0         0         0       
   0         0         0         0         0         0         0         0         0         0         0         0         0         0         0         0         0         0         0         0         0         0         0         0         0         0         0         0         0         1         0.031     0.028    -9.6e-08   0         0         0         0         0         0       
   0         0         0         0         0         0         0         0         0         0         0         0         0         0         0         0         0         0         0         0         0         0         0         0         0         0         0         0         1         0        -7.9e-08  -0.0025   -0.031     0         0         0         0         0         0       
   0         0         0         0         0         0         0         0         0         0         0         0         0         0         0         0         0         0         0         0         0         0         0         0         0         0         0        -1         0         0         0.0025   -1.7e-08  -0.028     0         0         0         0         0         0       
   0         0         0         0         0         0         0         0         0         0         0         0         0         0         0         0         0         0         0         0         0         0         0         0         0         0         0         0         0         1         0.042     8.5e-05  -1.1e-07   0         0         0         0         0         0       
   0         0         0         0         0         0         0         0         0         0         0         0         0         0         0         0         0         0         0         0         0         0         0         0         0         0         0         0         1         0        -1.1e-07  -0.0025   -0.042     0         0         0         0         0         0       
   0         0         0         0         0         0         0         0         0         0         0         0         0         0         0         0         0         0         0         0         0         0         0         0         0         0         0        -1         0         0         0.0025    7.9e-11  -8.5e-05   0         0         0         0         0         0       
   0         0         0         0         0         0         0         0         0         0         0         0         0         0         0         0         0         0         0         0         0         0         0         0         0         0         0         0         0         1         0.0011   -0.042     2.3e-08   0         0         0         0         0         0       
   0         0         0         0         0         0         0         0         0         0         0         0         0         0         0         0         0         0         0         0         0         0         0         0         0         0         0         0         1         0        -2.6e-09  -0.0025   -0.0011    0         0         0         0         0         0       
   0         0         0         0         0         0         0         0         0         0         0         0         0         0         0         0         0         0         0         0         0         0         0         0         0         0         0        -1         0         0         0.0025    2.6e-08   0.042     0         0         0         0         0         0       
   0         0         0         0         0         0         0         0         0         0         0         0         0         0         0         0         0         0         0         0         0         0         0         0         0         0         0         0         0         1        -0.042     0.0011    1.1e-07   0         0         0         0         0         0       
   0         0         0         0         0         0         0         0         0         0         0         0         0         0         0         0         0         0         0         0         0         0         0         0         0         0         0         0         1         0         1.1e-07  -0.0025    0.042     0         0         0         0         0         0       
   0         0         0         0         0         0         0         0         0         0         0         0         0         0         0         0         0         0         0         0         0         0         0         0         0         0         0        -1         0         0         0.0025   -5.2e-10  -0.0011    0         0         0         0         0         0       
   0         0         0         0         0         0         0         0         0         0         0         0         0         0         0         0         0         0         0         0         0         0         0         0         0         0         0         0         0         1        -0.029     0.031     5.5e-08   0         0         0         0         0         0       
   0         0         0         0         0         0         0         0         0         0         0         0         0         0         0         0         0         0         0         0         0         0         0         0         0         0         0         0         1         0         7.4e-08  -0.0025    0.029     0         0         0         0         0         0       
   0         0         0         0         0         0         0         0         0         0         0         0         0         0         0         0         0         0         0         0         0         0         0         0         0         0         0        -1         0         0         0.0025   -1.8e-08  -0.031     0         0         0         0         0         0       
   0         0         0         0         0         0         0         0         0         0         0         0         0         0         0         0         0         0         0         0         0         0         0         0         0         0         0         0         0         1         0.0017    0.042    -3e-08     0         0         0         0         0         0       
   0         0         0         0         0         0         0         0         0         0         0         0         0         0         0         0         0         0         0         0         0         0         0         0         0         0         0         0         1         0        -4.2e-09  -0.0025   -0.0017    0         0         0         0         0         0       
   0         0         0         0         0         0         0         0         0         0         0         0         0         0         0         0         0         0         0         0         0         0         0         0         0         0         0        -1         0         0         0.0025   -2.5e-08  -0.042     0         0         0         0         0         0       
   0         0         0         0         0         0         0         0         0         0         0         0         0         0         0         0         0         0         0         0         0         0         0         0         0         0         0         0         0         0         0         0         0         0         0         1         0.031     0.028    -9.6e-08 
   0         0         0         0         0         0         0         0         0         0         0         0         0         0         0         0         0         0         0         0         0         0         0         0         0         0         0         0         0         0         0         0         0         0         1         0        -7.9e-08  -0.0025   -0.031   
   0         0         0         0         0         0         0         0         0         0         0         0         0         0         0         0         0         0         0         0         0         0         0         0         0         0         0         0         0         0         0         0         0        -1         0         0         0.0025   -1.7e-08  -0.028   
   0         0         0         0         0         0         0         0         0         0         0         0         0         0         0         0         0         0         0         0         0         0         0         0         0         0         0         0         0         0         0         0         0         0         0         1         0.031     0.028    -9.6e-08 
   0         0         0         0         0         0         0         0         0         0         0         0         0         0         0         0         0         0         0         0         0         0         0         0         0         0         0         0         0         0         0         0         0         0         1         0        -7.9e-08  -0.0025   -0.031   
   0         0         0         0         0         0         0         0         0         0         0         0         0         0         0         0         0         0         0         0         0         0         0         0         0         0         0         0         0         0         0         0         0        -1         0         0         0.0025   -1.7e-08  -0.028   
   0         0         0         0         0         0         0         0         0         0         0         0         0         0         0         0         0         0         0         0         0         0         0         0         0         0         0         0         0         0         0         0         0         0         0         1         0.042     8.5e-05  -1.1e-07 
   0         0         0         0         0         0         0         0         0         0         0         0         0         0         0         0         0         0         0         0         0         0         0         0         0         0         0         0         0         0         0         0         0         0         1         0        -1.1e-07  -0.0025   -0.042   
   0         0         0         0         0         0         0         0         0         0         0         0         0         0         0         0         0         0         0         0         0         0         0         0         0         0         0         0         0         0         0         0         0        -1         0         0         0.0025    7.9e-11  -8.5e-05 
   0         0         0         0         0         0         0         0         0         0         0         0         0         0         0         0         0         0         0         0         0         0         0         0         0         0         0         0         0         0         0         0         0         0         0         1         0.0011   -0.042     2.3e-08 
   0         0         0         0         0         0         0         0         0         0         0         0         0         0         0         0         0         0         0         0         0         0         0         0         0         0         0         0         0         0         0         0         0         0         1         0        -2.6e-09  -0.0025   -0.0011  
   0         0         0         0         0         0         0         0         0         0         0         0         0         0         0         0         0         0         0         0         0         0         0         0         0         0         0         0         0         0         0         0         0        -1         0         0         0.0025    2.6e-08   0.042   
   0         0         0         0         0         0         0         0         0         0         0         0         0         0         0         0         0         0         0         0         0         0         0         0         0         0         0         0         0         0         0         0         0         0         0         1        -0.042     0.0011    1.1e-07 
   0         0         0         0         0         0         0         0         0         0         0         0         0         0         0         0         0         0         0         0         0         0         0         0         0         0         0         0         0         0         0         0         0         0         1         0         1.1e-07  -0.0025    0.042   
   0         0         0         0         0         0         0         0         0         0         0         0         0         0         0         0         0         0         0         0         0         0         0         0         0         0         0         0         0         0         0         0         0        -1         0         0         0.0025   -5.2e-10  -0.0011  
   0         0         0         0         0         0         0         0         0         0         0         0         0         0         0         0         0         0         0         0         0         0         0         0         0         0         0         0         0         0         0         0         0         0         0         1        -0.029     0.031     5.5e-08 
   0         0         0         0         0         0         0         0         0         0         0         0         0         0         0         0         0         0         0         0         0         0         0         0         0         0         0         0         0         0         0         0         0         0         1         0         7.4e-08  -0.0025    0.029   
   0         0         0         0         0         0         0         0         0         0         0         0         0         0         0         0         0         0         0         0         0         0         0         0         0         0         0         0         0         0         0         0         0        -1         0         0         0.0025   -1.8e-08  -0.031   
   0         0         0         0         0         0         0         0         0         0         0         0         0         0         0         0         0         0         0         0         0         0         0         0         0         0         0         0         0         0         0         0         0         0         0         1         0.0017    0.042    -3e-08   
   0         0         0         0         0         0         0         0         0         0         0         0         0         0         0         0         0         0         0         0         0         0         0         0         0         0         0         0         0         0         0         0         0         0         1         0        -4.2e-09  -0.0025   -0.0017  
   0         0         0         0         0         0         0         0         0         0         0         0         0         0         0         0         0         0         0         0         0         0         0         0         0         0         0         0         0         0         0         0         0        -1         0         0         0.0025   -2.5e-08  -0.042   

EFC_POS
   0       
   0       
   0       
   0       
   0       
   0       
   0       
   0       
   0       
  -2.2e-08 
   0       
   0       
  -1.3e-08 
   0       
   0       
  -1.9e-08 
   0       
   0       
  -1e-08   
   0       
   0       
  -1.8e-08 
   0       
   0       
  -1.8e-08 
   0       
   0       
  -1.1e-08 
   0       
   0       
  -1e-08   
   0       
   0       
  -1.2e-08 
   0       
   0       
  -1.1e-08 
   0       
   0       
  -1e-08   
   0       
   0       
  -8.6e-09 
   0       
   0       
  -2.2e-08 
   0       
   0       
  -2.1e-08 
   0       
   0       
  -2e-08   
   0       
   0       
  -1.9e-08 
   0       
   0       
  -2.1e-08 
   0       
   0       
  -2.1e-08 
   0       
   0       
  -1.4e-08 
   0       
   0       
  -1.3e-08 
   0       
   0       
  -1.2e-07 
   0       
   0       
  -3.2e-08 
   0       
   0       
  -6.4e-08 
   0       
   0       
  -6.2e-08 
   0       
   0       
  -3.1e-08 
   0       
   0       
  -4.4e-09 
   0       
   0       
  -1.7e-08 
   0       
   0       
  -6.5e-09 
   0       
   0       
  -1.2e-08 
   0       
   0       
  -8.2e-10 
   0       
   0       
  -1.2e-07 
   0       
   0       
  -2.8e-08 
   0       
   0       
  -1.5e-08 
   0       
   0       
  -3.2e-08 
   0       
   0       
  -3.6e-08 
   0       
   0       
  -3.2e-08 
   0       
   0       
  -1.4e-08 
   0       
   0       
  -7.5e-10 
   0       
   0       
  -1.7e-08 
   0       
   0       
  -1.7e-08 
   0       
   0       
  -4.4e-08 
   0       
   0       
  -1.2e-07 
   0       
   0       
  -1.2e-09 
   0       
   0       
  -5.2e-08 
   0       
   0       
  -5.9e-08 
   0       
   0       
  -1.7e-08 
   0       
   0       
  -1.7e-08 
   0       
   0       
  -4.4e-08 
   0       
   0       
  -1.2e-07 
   0       
   0       
  -1.2e-09 
   0       
   0       
  -5.2e-08 
   0       
   0       
  -5.9e-08 
   0       
   0       

EFC_MARGIN
   0       
   0       
   0       
   0       
   0       
   0       
   0       
   0       
   0       
   0       
   0       
   0       
   0       
   0       
   0       
   0       
   0       
   0       
   0       
   0       
   0       
   0       
   0       
   0       
   0       
   0       
   0       
   0       
   0       
   0       
   0       
   0       
   0       
   0       
   0       
   0       
   0       
   0       
   0       
   0       
   0       
   0       
   0       
   0       
   0       
   0       
   0       
   0       
   0       
   0       
   0       
   0       
   0       
   0       
   0       
   0       
   0       
   0       
   0       
   0       
   0       
   0       
   0       
   0       
   0       
   0       
   0       
   0       
   0       
   0       
   0       
   0       
   0       
   0       
   0       
   0       
   0       
   0       
   0       
   0       
   0       
   0       
   0       
   0       
   0       
   0       
   0       
   0       
   0       
   0       
   0       
   0       
   0       
   0       
   0       
   0       
   0       
   0       
   0       
   0       
   0       
   0       
   0       
   0       
   0       
   0       
   0       
   0       
   0       
   0       
   0       
   0       
   0       
   0       
   0       
   0       
   0       
   0       
   0       
   0       
   0       
   0       
   0       
   0       
   0       
   0       
   0       
   0       
   0       
   0       
   0       
   0       
   0       
   0       
   0       
   0       
   0       
   0       
   0       
   0       
   0       
   0       
   0       
   0       
   0       
   0       
   0       
   0       
   0       
   0       
   0       
   0       
   0       
   0       
   0       
   0       
   0       
   0       
   0       
   0       
   0       
   0       
   0       
   0       
   0       

EFC_FRICTIONLOSS
   0.1     
   0.1     
   0.1     
   0.1     
   0.1     
   0.1     
   0.1     
   1       
   1       
   0       
   0       
   0       
   0       
   0       
   0       
   0       
   0       
   0       
   0       
   0       
   0       
   0       
   0       
   0       
   0       
   0       
   0       
   0       
   0       
   0       
   0       
   0       
   0       
   0       
   0       
   0       
   0       
   0       
   0       
   0       
   0       
   0       
   0       
   0       
   0       
   0       
   0       
   0       
   0       
   0       
   0       
   0       
   0       
   0       
   0       
   0       
   0       
   0       
   0       
   0       
   0       
   0       
   0       
   0       
   0       
   0       
   0       
   0       
   0       
   0       
   0       
   0       
   0       
   0       
   0       
   0       
   0       
   0       
   0       
   0       
   0       
   0       
   0       
   0       
   0       
   0       
   0       
   0       
   0       
   0       
   0       
   0       
   0       
   0       
   0       
   0       
   0       
   0       
   0       
   0       
   0       
   0       
   0       
   0       
   0       
   0       
   0       
   0       
   0       
   0       
   0       
   0       
   0       
   0       
   0       
   0       
   0       
   0       
   0       
   0       
   0       
   0       
   0       
   0       
   0       
   0       
   0       
   0       
   0       
   0       
   0       
   0       
   0       
   0       
   0       
   0       
   0       
   0       
   0       
   0       
   0       
   0       
   0       
   0       
   0       
   0       
   0       
   0       
   0       
   0       
   0       
   0       
   0       
   0       
   0       
   0       
   0       
   0       
   0       
   0       
   0       
   0       
   0       
   0       
   0       

EFC_DIAGAPPROX
   0.16    
   0.2     
   0.43    
   0.52    
   0.73    
   0.85    
   1.1     
   0.9     
   0.9     
   61      
   3       
   3       
   61      
   3       
   3       
   61      
   3       
   3       
   61      
   3       
   3       
   61      
   3       
   3       
   61      
   3       
   3       
   61      
   3       
   3       
   61      
   3       
   3       
   61      
   3       
   3       
   61      
   3       
   3       
   61      
   3       
   3       
   61      
   3       
   3       
   61      
   3       
   3       
   61      
   3       
   3       
   61      
   3       
   3       
   61      
   3       
   3       
   61      
   3       
   3       
   61      
   3       
   3       
   61      
   3       
   3       
   61      
   3       
   3       
   34      
   1.7     
   1.7     
   34      
   1.7     
   1.7     
   34      
   1.7     
   1.7     
   34      
   1.7     
   1.7     
   34      
   1.7     
   1.7     
   34      
   1.7     
   1.7     
   32      
   1.6     
   1.6     
   32      
   1.6     
   1.6     
   32      
   1.6     
   1.6     
   32      
   1.6     
   1.6     
   32      
   1.6     
   1.6     
   32      
   1.6     
   1.6     
   32      
   1.6     
   1.6     
   32      
   1.6     
   1.6     
   32      
   1.6     
   1.6     
   32      
   1.6     
   1.6     
   32      
   1.6     
   1.6     
   32      
   1.6     
   1.6     
   87      
   4.3     
   4.3     
   87      
   4.3     
   4.3     
   87      
   4.3     
   4.3     
   87      
   4.3     
   4.3     
   87      
   4.3     
   4.3     
   87      
   4.3     
   4.3     
   87      
   4.3     
   4.3     
   87      
   4.3     
   4.3     
   87      
   4.3     
   4.3     
   87      
   4.3     
   4.3     
   87      
   4.3     
   4.3     
   87      
   4.3     
   4.3     
   87      
   4.3     
   4.3     
   87      
   4.3     
   4.3     

EFC_KBIP
   0         1.1e+02   0.9       0       
   0         1.1e+02   0.9       0       
   0         1.1e+02   0.9       0       
   0         1.1e+02   0.9       0       
   0         1.1e+02   0.9       0       
   0         1.1e+02   0.9       0       
   0         1.1e+02   0.9       0       
   0         1.1e+02   0.9       0       
   0         1.1e+02   0.9       0       
   6.3e+04   5e+02     1         0       
   0         5e+02     1         0       
   0         5e+02     1         0       
   6.3e+04   5e+02     1         0       
   0         5e+02     1         0       
   0         5e+02     1         0       
   6.3e+04   5e+02     1         0       
   0         5e+02     1         0       
   0         5e+02     1         0       
   6.3e+04   5e+02     1         0       
   0         5e+02     1         0       
   0         5e+02     1         0       
   6.3e+04   5e+02     1         0       
   0         5e+02     1         0       
   0         5e+02     1         0       
   6.3e+04   5e+02     1         0       
   0         5e+02     1         0       
   0         5e+02     1         0       
   6.3e+04   5e+02     1         0       
   0         5e+02     1         0       
   0         5e+02     1         0       
   6.3e+04   5e+02     1         0       
   0         5e+02     1         0       
   0         5e+02     1         0       
   6.3e+04   5e+02     1         0       
   0         5e+02     1         0       
   0         5e+02     1         0       
   6.3e+04   5e+02     1         0       
   0         5e+02     1         0       
   0         5e+02     1         0       
   6.3e+04   5e+02     1         0       
   0         5e+02     1         0       
   0         5e+02     1         0       
   6.3e+04   5e+02     1         0       
   0         5e+02     1         0       
   0         5e+02     1         0       
   6.3e+04   5e+02     1         0       
   0         5e+02     1         0       
   0         5e+02     1         0       
   6.3e+04   5e+02     1         0       
   0         5e+02     1         0       
   0         5e+02     1         0       
   6.3e+04   5e+02     1         0       
   0         5e+02     1         0       
   0         5e+02     1         0       
   6.3e+04   5e+02     1         0       
   0         5e+02     1         0       
   0         5e+02     1         0       
   6.3e+04   5e+02     1         0       
   0         5e+02     1         0       
   0         5e+02     1         0       
   6.3e+04   5e+02     1         0       
   0         5e+02     1         0       
   0         5e+02     1         0       
   6.3e+04   5e+02     1         0       
   0         5e+02     1         0       
   0         5e+02     1         0       
   6.3e+04   5e+02     1         0       
   0         5e+02     1         0       
   0         5e+02     1         0       
   6.3e+04   5e+02     1         0       
   0         5e+02     1         0       
   0         5e+02     1         0       
   6.3e+04   5e+02     1         0       
   0         5e+02     1         0       
   0         5e+02     1         0       
   6.3e+04   5e+02     1         0       
   0         5e+02     1         0       
   0         5e+02     1         0       
   6.3e+04   5e+02     1         0       
   0         5e+02     1         0       
   0         5e+02     1         0       
   6.3e+04   5e+02     1         0       
   0         5e+02     1         0       
   0         5e+02     1         0       
   6.3e+04   5e+02     1         0       
   0         5e+02     1         0       
   0         5e+02     1         0       
   6.3e+04   5e+02     1         0       
   0         5e+02     1         0       
   0         5e+02     1         0       
   6.3e+04   5e+02     1         0       
   0         5e+02     1         0       
   0         5e+02     1         0       
   6.3e+04   5e+02     1         0       
   0         5e+02     1         0       
   0         5e+02     1         0       
   6.3e+04   5e+02     1         0       
   0         5e+02     1         0       
   0         5e+02     1         0       
   6.3e+04   5e+02     1         0       
   0         5e+02     1         0       
   0         5e+02     1         0       
   6.3e+04   5e+02     1         0       
   0         5e+02     1         0       
   0         5e+02     1         0       
   6.3e+04   5e+02     1         0       
   0         5e+02     1         0       
   0         5e+02     1         0       
   6.3e+04   5e+02     1         0       
   0         5e+02     1         0       
   0         5e+02     1         0       
   6.3e+04   5e+02     1         0       
   0         5e+02     1         0       
   0         5e+02     1         0       
   6.3e+04   5e+02     1         0       
   0         5e+02     1         0       
   0         5e+02     1         0       
   6.3e+04   5e+02     1         0       
   0         5e+02     1         0       
   0         5e+02     1         0       
   6.3e+04   5e+02     1         0       
   0         5e+02     1         0       
   0         5e+02     1         0       
   6.3e+04   5e+02     1         0       
   0         5e+02     1         0       
   0         5e+02     1         0       
   6.3e+04   5e+02     1         0       
   0         5e+02     1         0       
   0         5e+02     1         0       
   6.3e+04   5e+02     1         0       
   0         5e+02     1         0       
   0         5e+02     1         0       
   6.3e+04   5e+02     1         0       
   0         5e+02     1         0       
   0         5e+02     1         0       
   6.3e+04   5e+02     1         0       
   0         5e+02     1         0       
   0         5e+02     1         0       
   6.3e+04   5e+02     1         0       
   0         5e+02     1         0       
   0         5e+02     1         0       
   6.3e+04   5e+02     1         0       
   0         5e+02     1         0       
   0         5e+02     1         0       
   6.3e+04   5e+02     1         0       
   0         5e+02     1         0       
   0         5e+02     1         0       
   6.3e+04   5e+02     1         0       
   0         5e+02     1         0       
   0         5e+02     1         0       
   6.3e+04   5e+02     1         0       
   0         5e+02     1         0       
   0         5e+02     1         0       
   6.3e+04   5e+02     1         0       
   0         5e+02     1         0       
   0         5e+02     1         0       
   6.3e+04   5e+02     1         0       
   0         5e+02     1         0       
   0         5e+02     1         0       
   6.3e+04   5e+02     1         0       
   0         5e+02     1         0       
   0         5e+02     1         0       
   6.3e+04   5e+02     1         0       
   0         5e+02     1         0       
   0         5e+02     1         0       

EFC_D
   55      
   44      
   21      
   17      
   12      
   11      
   7.9     
   10      
   10      
   8.2     
   1.6e+02 
   1.6e+02 
   8.2     
   1.6e+02 
   1.6e+02 
   8.2     
   1.6e+02 
   1.6e+02 
   8.2     
   1.6e+02 
   1.6e+02 
   8.2     
   1.6e+02 
   1.6e+02 
   8.2     
   1.6e+02 
   1.6e+02 
   8.2     
   1.6e+02 
   1.6e+02 
   8.2     
   1.6e+02 
   1.6e+02 
   8.2     
   1.6e+02 
   1.6e+02 
   8.2     
   1.6e+02 
   1.6e+02 
   8.2     
   1.6e+02 
   1.6e+02 
   8.2     
   1.6e+02 
   1.6e+02 
   8.2     
   1.6e+02 
   1.6e+02 
   8.2     
   1.6e+02 
   1.6e+02 
   8.2     
   1.6e+02 
   1.6e+02 
   8.2     
   1.6e+02 
   1.6e+02 
   8.2     
   1.6e+02 
   1.6e+02 
   8.2     
   1.6e+02 
   1.6e+02 
   8.2     
   1.6e+02 
   1.6e+02 
   8.2     
   1.6e+02 
   1.6e+02 
   15      
   2.9e+02 
   2.9e+02 
   15      
   2.9e+02 
   2.9e+02 
   15      
   2.9e+02 
   2.9e+02 
   15      
   2.9e+02 
   2.9e+02 
   15      
   2.9e+02 
   2.9e+02 
   15      
   2.9e+02 
   2.9e+02 
   15      
   3.1e+02 
   3.1e+02 
   15      
   3.1e+02 
   3.1e+02 
   15      
   3.1e+02 
   3.1e+02 
   15      
   3.1e+02 
   3.1e+02 
   15      
   3.1e+02 
   3.1e+02 
   15      
   3.1e+02 
   3.1e+02 
   15      
   3.1e+02 
   3.1e+02 
   15      
   3.1e+02 
   3.1e+02 
   15      
   3.1e+02 
   3.1e+02 
   15      
   3.1e+02 
   3.1e+02 
   15      
   3.1e+02 
   3.1e+02 
   15      
   3.1e+02 
   3.1e+02 
   5.7     
   1.1e+02 
   1.1e+02 
   5.7     
   1.1e+02 
   1.1e+02 
   5.7     
   1.1e+02 
   1.1e+02 
   5.7     
   1.1e+02 
   1.1e+02 
   5.7     
   1.1e+02 
   1.1e+02 
   5.7     
   1.1e+02 
   1.1e+02 
   5.7     
   1.1e+02 
   1.1e+02 
   5.7     
   1.1e+02 
   1.1e+02 
   5.7     
   1.1e+02 
   1.1e+02 
   5.7     
   1.1e+02 
   1.1e+02 
   5.7     
   1.1e+02 
   1.1e+02 
   5.7     
   1.1e+02 
   1.1e+02 
   5.7     
   1.1e+02 
   1.1e+02 
   5.7     
   1.1e+02 
   1.1e+02 

EFC_R
   0.018   
   0.023   
   0.048   
   0.057   
   0.081   
   0.095   
   0.13    
   0.1     
   0.1     
   0.12    
   0.0061  
   0.0061  
   0.12    
   0.0061  
   0.0061  
   0.12    
   0.0061  
   0.0061  
   0.12    
   0.0061  
   0.0061  
   0.12    
   0.0061  
   0.0061  
   0.12    
   0.0061  
   0.0061  
   0.12    
   0.0061  
   0.0061  
   0.12    
   0.0061  
   0.0061  
   0.12    
   0.0061  
   0.0061  
   0.12    
   0.0061  
   0.0061  
   0.12    
   0.0061  
   0.0061  
   0.12    
   0.0061  
   0.0061  
   0.12    
   0.0061  
   0.0061  
   0.12    
   0.0061  
   0.0061  
   0.12    
   0.0061  
   0.0061  
   0.12    
   0.0061  
   0.0061  
   0.12    
   0.0061  
   0.0061  
   0.12    
   0.0061  
   0.0061  
   0.12    
   0.0061  
   0.0061  
   0.12    
   0.0061  
   0.0061  
   0.068   
   0.0034  
   0.0034  
   0.068   
   0.0034  
   0.0034  
   0.068   
   0.0034  
   0.0034  
   0.068   
   0.0034  
   0.0034  
   0.068   
   0.0034  
   0.0034  
   0.068   
   0.0034  
   0.0034  
   0.065   
   0.0032  
   0.0032  
   0.065   
   0.0032  
   0.0032  
   0.065   
   0.0032  
   0.0032  
   0.065   
   0.0032  
   0.0032  
   0.065   
   0.0032  
   0.0032  
   0.065   
   0.0032  
   0.0032  
   0.065   
   0.0032  
   0.0032  
   0.065   
   0.0032  
   0.0032  
   0.065   
   0.0032  
   0.0032  
   0.065   
   0.0032  
   0.0032  
   0.065   
   0.0032  
   0.0032  
   0.065   
   0.0032  
   0.0032  
   0.17    
   0.0087  
   0.0087  
   0.17    
   0.0087  
   0.0087  
   0.17    
   0.0087  
   0.0087  
   0.17    
   0.0087  
   0.0087  
   0.17    
   0.0087  
   0.0087  
   0.17    
   0.0087  
   0.0087  
   0.17    
   0.0087  
   0.0087  
   0.17    
   0.0087  
   0.0087  
   0.17    
   0.0087  
   0.0087  
   0.17    
   0.0087  
   0.0087  
   0.17    
   0.0087  
   0.0087  
   0.17    
   0.0087  
   0.0087  
   0.17    
   0.0087  
   0.0087  
   0.17    
   0.0087  
   0.0087  

ACTUATOR_VELOCITY
   0       
   0       
   0       
   0       
   0       
   0       
   0       
   0       
   0       

CVEL
   0         0         0         0         0         0       
   0         0         0         0         0         0       
   0         0         0         0         0         0       
   0         0         0         0         0         0       
   0         0         0         0         0         0       
   0         0         0         0         0         0       
   0         0         0         0         0         0       
   0         0         0         0         0         0       
   0         0         0         0         0         0       
   0         0         0         0         0         0       
   0         0         0         0         0         0       
   0         0         0         0         0         0       
   0         0         0         0         0         0       
   0         0         0         0         0         0       
   0         0         0         0         0         0       
   0         0         0         0         0         0       
   0         0         0         0         0         0       
   0         0         0         0         0         0       
   0         0         0         0         0         0       
   0         0         0         0         0         0       
   0         0         0         0         0         0       
  -3.7e-14   2.7e-14  -9.7e-18   1.5e-15   1.9e-15   4.7e-14 
   4.8e-14  -1.9e-14   3e-19    -1.2e-15  -3.1e-15   1.1e-13 
   2.5e-14   2.9e-15   5.9e-18   1.5e-16  -1.3e-15   1.3e-13 
  -2.6e-15   8.1e-15  -4.4e-19   7.2e-17   2.3e-17   1.5e-13 
  -4.8e-15   4.4e-15  -1.1e-18   3.9e-17   4.3e-17   1.5e-13 

CDOF_DOT
   0         0         0         0         0         0       
   0        -0         0         0         0         0       
   0        -0         0         0         0         0       
   0         0        -0         0         0         0       
  -0         0         0        -0         0         0       
   0         0        -0         0         0         0       
   0         0         0         0         0         0       
   0         0         0         0         0         0       
   0         0         0         0         0         0       
   0         0         0         0         0         0       
   0         0         0         0         0         0       
   0         0         0         0         0         0       
   0         0        -0         4.6e-14   4.9e-20  -6e-18   
  -0         0         0        -4.9e-20   4.6e-14   8.2e-17 
   0         0         0        -8.2e-17  -6e-18     1.3e-23 
   0         0         0         0         0         0       
   0         0         0         0         0         0       
   0         0         0         0         0         0       
   0         0        -0         1.1e-13   9.2e-20   3.7e-17 
   0         0         0        -9.2e-20   1.1e-13   8.6e-17 
   0        -0         0        -8.6e-17   3.7e-17  -1.4e-22 
   0         0         0         0         0         0       
   0         0         0         0         0         0       
   0         0         0         0         0         0       
   0         0         0         1.3e-13  -6.3e-20  -9.6e-19 
   0         0        -0         6.3e-20   1.3e-13   5.6e-18 
   0        -0         0        -5.4e-18  -1.1e-18  -8.1e-24 
   0         0         0         0         0         0       
   0         0         0         0         0         0       
   0         0         0         0         0         0       
   0         0         0        -1.5e-13   7.6e-21   2e-17   
   0        -0         0        -7.6e-21  -1.5e-13   6e-18   
   0         0        -0         6.4e-18  -2e-17    -5.3e-23 
   0         0         0         0         0         0       
   0         0         0         0         0         0       
   0         0         0         0         0         0       
   0         0         0        -1.5e-13   7.6e-21   1.1e-17 
   0        -0         0        -7.6e-21  -1.5e-13   1.2e-17 
   0         0        -0         1.3e-17  -1.1e-17  -3.4e-23 

QFRC_BIAS
   0       
  -19      
  -0.078   
   18      
  -0.0051  
   2.1     
   0       
   0.013   
   0.013   
   1.8e-31 
   2.4e-31 
   0.16    
  -0.00017 
  -0.0016  
  -1.2e-10 
  -3.8e-31 
  -9.5e-31 
   0.29    
  -0.00081 
   0.0044  
  -6.9e-09 
   3.1e-32 
  -2.6e-31 
   0.3     
   0.00015 
   0.0041  
  -4.8e-09 
   3.8e-33 
   1.2e-33 
   0.11    
   0.00058 
  -3.7e-05 
  -1.4e-09 
   1.1e-33 
   1.2e-33 
   0.11    
   0.00058 
  -3.7e-05 
  -1.4e-09 

QFRC_SPRING
   0       
   0       
   0       
   0       
   0       
   0       
   0       
   0       
   0       
   0       
   0       
   0       
   0       
   0       
   0       
   0       
   0       
   0       
   0       
   0       
   0       
   0       
   0       
   0       
   0       
   0       
   0       
   0       
   0       
   0       
   0       
   0       
   0       
   0       
   0       
   0       
   0       
   0       
   0       

QFRC_DAMPER
  -0       
  -0       
  -0       
  -0       
  -0       
  -0       
  -0       
  -0       
  -0       
  -3e-21   
   4.1e-20 
  -2.3e-17 
   1.3e-17 
   1.8e-17 
   4.9e-21 
   1.8e-20 
   4.3e-20 
  -5.4e-17 
  -9.5e-18 
  -2.4e-17 
  -1.1e-22 
  -4.8e-22 
   2.8e-21 
  -6.7e-17 
   1.5e-18 
  -1.2e-17 
  -3e-21   
  -9.8e-21 
  -3e-21   
  -7.3e-17 
  -4.1e-18 
  -1.3e-18 
   2.3e-22 
  -5.4e-21 
  -6.1e-21 
  -7.4e-17 
  -2.2e-18 
  -2.4e-18 
   5.5e-22 

QFRC_GRAVCOMP
   0       
   0       
   0       
   0       
   0       
   0       
   0       
   0       
   0       
   0       
   0       
   0       
   0       
   0       
   0       
   0       
   0       
   0       
   0       
   0       
   0       
   0       
   0       
   0       
   0       
   0       
   0       
   0       
   0       
   0       
   0       
   0       
   0       
   0       
   0       
   0       
   0       
   0       
   0       

QFRC_FLUID
   0       
   0       
   0       
   0       
   0       
   0       
   0       
   0       
   0       
  -2.9e-20 
  -3.8e-20 
  -9.1e-19 
   4.5e-21 
   1.4e-20 
  -2.6e-22 
   2.3e-20 
   5.8e-20 
  -2.1e-18 
   3.1e-21 
  -3.8e-20 
  -5.2e-22 
  -3e-21   
   2.5e-20 
  -2.7e-18 
  -9.7e-22 
  -3.9e-20 
   5.3e-23 
  -1.1e-21 
  -3.6e-22 
  -2.3e-18 
  -1.2e-20 
   6.6e-22 
   2.3e-24 
  -6.3e-22 
  -6.9e-22 
  -2.3e-18 
  -1.2e-20 
   5.8e-22 
   3.8e-24 

QFRC_PASSIVE
   0       
   0       
   0       
   0       
   0       
   0       
   0       
   0       
   0       
  -3.2e-20 
   3.2e-21 
  -2.4e-17 
   1.3e-17 
   1.8e-17 
   4.6e-21 
   4.2e-20 
   1e-19   
  -5.6e-17 
  -9.5e-18 
  -2.4e-17 
  -6.3e-22 
  -3.5e-21 
   2.8e-20 
  -7e-17   
   1.5e-18 
  -1.2e-17 
  -2.9e-21 
  -1.1e-20 
  -3.4e-21 
  -7.6e-17 
  -4.1e-18 
  -1.3e-18 
   2.3e-22 
  -6e-21   
  -6.8e-21 
  -7.6e-17 
  -2.2e-18 
  -2.4e-18 
   5.5e-22 

EFC_VEL
   0       
   0       
   0       
   0       
   0       
   0       
   0       
   0       
   0       
   4.6e-14 
   5.7e-18 
  -7e-17   
   4.7e-14 
   5.7e-18 
  -7e-17   
   4.7e-14 
   6.1e-18 
  -7e-17   
   4.8e-14 
   6.1e-18 
  -7e-17   
   4.7e-14 
   6.1e-18 
  -7e-17   
   4.7e-14 
   6.2e-18 
  -7e-17   
   4.8e-14 
   6.1e-18 
  -7e-17   
   4.8e-14 
   6.2e-18 
  -7e-17   
   4.7e-14 
   5.7e-18 
  -7e-17   
   4.7e-14 
   5.7e-18 
  -7e-17   
   4.8e-14 
   6.1e-18 
  -7e-17   
   4.8e-14 
   6.1e-18 
  -7e-17   
   4.5e-14 
   5.8e-18 
  -7.1e-17 
   4.6e-14 
   5.8e-18 
  -7e-17   
   4.6e-14 
   6.1e-18 
  -7.1e-17 
   4.7e-14 
   6.1e-18 
  -7e-17   
   4.6e-14 
   5.7e-18 
  -7e-17   
   4.6e-14 
   5.7e-18 
  -7e-17   
   4.7e-14 
   5.7e-18 
  -7e-17   
   4.7e-14 
   5.7e-18 
  -7e-17   
   1.1e-13 
   1.6e-18 
   1.8e-18 
   1.1e-13 
   1.6e-18 
   1.8e-18 
   1.1e-13 
   1.7e-18 
   1.9e-18 
   1.1e-13 
   1.7e-18 
   1.9e-18 
   1.1e-13 
   1.6e-18 
   1.9e-18 
   1.1e-13 
   1.6e-18 
   1.9e-18 
   1.3e-13 
  -3.3e-18 
  -7.3e-19 
   1.3e-13 
  -3.2e-18 
  -7.3e-19 
   1.3e-13 
  -3.2e-18 
  -7.4e-19 
   1.3e-13 
  -3.1e-18 
  -6.9e-19 
   1.3e-13 
  -3e-18   
  -6e-19   
   1.4e-13 
  -3.2e-18 
  -3.9e-19 
   1.4e-13 
  -3.4e-18 
  -4.5e-19 
   1.4e-13 
  -3.4e-18 
  -5.3e-19 
   1.3e-13 
  -3.4e-18 
  -6.2e-19 
   1.4e-13 
  -3.4e-18 
  -6e-19   
   1.3e-13 
  -3.4e-18 
  -6.8e-19 
   1.3e-13 
  -3.3e-18 
  -7.3e-19 
   1.5e-13 
  -5.3e-19 
   8.1e-19 
   1.5e-13 
  -5.3e-19 
   8.1e-19 
   1.5e-13 
  -5.3e-19 
   8e-19   
   1.5e-13 
  -5.4e-19 
   7.8e-19 
   1.5e-13 
  -5.6e-19 
   8e-19   
   1.5e-13 
  -5.6e-19 
   8.1e-19 
   1.5e-13 
  -5.4e-19 
   8.2e-19 
   1.5e-13 
   2.4e-19 
   4.5e-19 
   1.5e-13 
   2.4e-19 
   4.5e-19 
   1.5e-13 
   2.5e-19 
   4.2e-19 
   1.5e-13 
   2.1e-19 
   3.7e-19 
   1.5e-13 
   1.6e-19 
   4.2e-19 
   1.5e-13 
   1.8e-19 
   4.5e-19 
   1.5e-13 
   2.1e-19 
   4.6e-19 

EFC_AREF
  -0       
  -0       
  -0       
  -0       
  -0       
  -0       
  -0       
  -0       
  -0       
   0.0013  
  -2.9e-15 
   3.5e-14 
   0.00079 
  -2.9e-15 
   3.5e-14 
   0.0012  
  -3.1e-15 
   3.5e-14 
   0.00064 
  -3.1e-15 
   3.5e-14 
   0.0011  
  -3.1e-15 
   3.5e-14 
   0.0011  
  -3.1e-15 
   3.5e-14 
   0.00068 
  -3.1e-15 
   3.5e-14 
   0.00066 
  -3.1e-15 
   3.5e-14 
   0.00078 
  -2.9e-15 
   3.5e-14 
   0.00067 
  -2.9e-15 
   3.5e-14 
   0.00065 
  -3e-15   
   3.5e-14 
   0.00054 
  -3e-15   
   3.5e-14 
   0.0014  
  -2.9e-15 
   3.5e-14 
   0.0013  
  -2.9e-15 
   3.5e-14 
   0.0013  
  -3.1e-15 
   3.5e-14 
   0.0012  
  -3.1e-15 
   3.5e-14 
   0.0013  
  -2.8e-15 
   3.5e-14 
   0.0013  
  -2.9e-15 
   3.5e-14 
   0.00085 
  -2.8e-15 
   3.5e-14 
   0.00082 
  -2.9e-15 
   3.5e-14 
   0.0075  
  -8.2e-16 
  -9.3e-16 
   0.002   
  -8.2e-16 
  -9.2e-16 
   0.004   
  -8.3e-16 
  -9.3e-16 
   0.0039  
  -8.3e-16 
  -9.3e-16 
   0.0019  
  -8.2e-16 
  -9.3e-16 
   0.00027 
  -8.2e-16 
  -9.3e-16 
   0.0011  
   1.6e-15 
   3.7e-16 
   0.00041 
   1.6e-15 
   3.7e-16 
   0.00072 
   1.6e-15 
   3.7e-16 
   5.1e-05 
   1.6e-15 
   3.5e-16 
   0.0076  
   1.5e-15 
   3e-16   
   0.0017  
   1.6e-15 
   2e-16   
   0.00093 
   1.7e-15 
   2.3e-16 
   0.002   
   1.7e-15 
   2.7e-16 
   0.0023  
   1.7e-15 
   3.1e-16 
   0.002   
   1.7e-15 
   3e-16   
   0.00087 
   1.7e-15 
   3.4e-16 
   4.7e-05 
   1.6e-15 
   3.7e-16 
   0.0011  
   2.7e-16 
  -4.1e-16 
   0.0011  
   2.7e-16 
  -4.1e-16 
   0.0028  
   2.6e-16 
  -4e-16   
   0.0077  
   2.7e-16 
  -3.9e-16 
   7.6e-05 
   2.8e-16 
  -4e-16   
   0.0033  
   2.8e-16 
  -4.1e-16 
   0.0037  
   2.7e-16 
  -4.1e-16 
   0.0011  
  -1.2e-16 
  -2.3e-16 
   0.0011  
  -1.2e-16 
  -2.3e-16 
   0.0028  
  -1.3e-16 
  -2.1e-16 
   0.0077  
  -1e-16   
  -1.9e-16 
   7.6e-05 
  -8.1e-17 
  -2.1e-16 
   0.0033  
  -8.8e-17 
  -2.3e-16 
   0.0037  
  -1e-16   
  -2.3e-16 

SUBTREE_LINVEL
   0         0         0       
   0         0         0       
   0         0         0       
   0         0         0       
   0         0         0       
   0         0         0       
   0         0         0       
   0         0         0       
   0         0         0       
   0         0         0       
   0         0         0       
   0         0         0       
   0         0         0       
   0         0         0       
   0         0         0       
   0         0         0       
   0         0         0       
   0         0         0       
   0         0         0       
   0         0         0       
   0         0         0       
   0         0         0       
   0         0         0       
   0         0         0       
   0         0         0       
   0         0         0       

SUBTREE_ANGMOM
   0         0         0       
   0         0         0       
   0         0         0       
   0         0         0       
   0         0         0       
   0         0         0       
   0         0         0       
   0         0         0       
   0         0         0       
   0         0         0       
   0         0         0       
   0         0         0       
   0         0         0       
   0         0         0       
   0         0         0       
   0         0         0       
   0         0         0       
   0         0         0       
   0         0         0       
   0         0         0       
   0         0         0       
   0         0         0       
   0         0         0       
   0         0         0       
   0         0         0       
   0         0         0       

ACTUATOR_FORCE
   0       
   0       
   0       
   0       
   0       
   0       
   0       
   0       
   0       

QFRC_ACTUATOR
   0       
   0       
   0       
   0       
   0       
   0       
   0       
   0       
   0       
   0       
   0       
   0       
   0       
   0       
   0       
   0       
   0       
   0       
   0       
   0       
   0       
   0       
   0       
   0       
   0       
   0       
   0       
   0       
   0       
   0       
   0       
   0       
   0       
   0       
   0       
   0       
   0       
   0       
   0       

QFRC_SMOOTH
   0       
   19      
   0.078   
  -18      
   0.0051  
  -2.1     
   0       
  -0.013   
  -0.013   
  -3.2e-20 
   3.2e-21 
  -0.16    
   0.00017 
   0.0016  
   1.2e-10 
   4.2e-20 
   1e-19   
  -0.29    
   0.00081 
  -0.0044  
   6.9e-09 
  -3.5e-21 
   2.8e-20 
  -0.3     
  -0.00015 
  -0.0041  
   4.8e-09 
  -1.1e-20 
  -3.4e-21 
  -0.11    
  -0.00058 
   3.7e-05 
   1.4e-09 
  -6e-21   
  -6.8e-21 
  -0.11    
  -0.00058 
   3.7e-05 
   1.4e-09 

QACC_SMOOTH
  -0.00025 
   2.5     
   0.027   
  -5.3     
  -0.0013  
   1.4     
   0.027   
   0.0012  
   0.0012  
   2.6e-14 
   2.9e-14 
  -9.8     
   4.8e-13 
   5.4e-13 
   2.1e-15 
  -1e-14   
  -2.4e-14 
  -9.8     
  -1.6e-13 
  -3.7e-13 
  -1.7e-15 
   1.6e-15 
  -9.4e-15 
  -9.8     
   3.1e-14 
  -1.9e-13 
  -5.5e-16 
   1.6e-15 
   6.7e-16 
  -9.8     
  -2.5e-13 
  -1e-13   
  -5e-16   
   8.6e-16 
   1.2e-15 
  -9.8     
  -1.4e-13 
  -1.9e-13 
  -6.2e-16 

EFC_B
  -0.00025 
   2.5     
   0.027   
  -5.3     
  -0.0013  
   1.4     
   0.027   
   0.0012  
   0.0012  
  -9.8     
   3.1e-14 
  -6e-14   
  -9.8     
   3.1e-14 
  -6e-14   
  -9.8     
   3.1e-14 
  -6e-14   
  -9.8     
   3.1e-14 
  -6e-14   
  -9.8     
   3.1e-14 
  -6e-14   
  -9.8     
   3.1e-14 
  -6e-14   
  -9.8     
   3.1e-14 
  -6e-14   
  -9.8     
   3.1e-14 
  -6e-14   
  -9.8     
   3.1e-14 
  -6e-14   
  -9.8     
   3.1e-14 
  -6e-14   
  -9.8     
   3.1e-14 
  -6e-14   
  -9.8     
   3.1e-14 
  -6e-14   
  -9.8     
   3.1e-14 
  -6e-14   
  -9.8     
   3.1e-14 
  -6e-14   
  -9.8     
   3.1e-14 
  -6e-14   
  -9.8     
   3.1e-14 
  -6e-14   
  -9.8     
   3.1e-14 
  -6e-14   
  -9.8     
   3.1e-14 
  -6e-14   
  -9.8     
   3.1e-14 
  -6e-14   
  -9.8     
   3.1e-14 
  -6e-14   
  -9.8     
  -2.3e-14 
   1.1e-14 
  -9.8     
  -2.3e-14 
   1.1e-14 
  -9.8     
  -2.3e-14 
   1.1e-14 
  -9.8     
  -2.3e-14 
   1.1e-14 
  -9.8     
  -2.3e-14 
   1.1e-14 
  -9.8     
  -2.3e-14 
   1.1e-14 
  -9.8     
  -1.1e-14 
  -2e-15   
  -9.8     
  -1.1e-14 
  -2e-15   
  -9.8     
  -1.1e-14 
  -2e-15   
  -9.8     
  -1.1e-14 
  -1.9e-15 
  -9.8     
  -1.1e-14 
  -1.9e-15 
  -9.8     
  -1.1e-14 
  -1.8e-15 
  -9.8     
  -1.1e-14 
  -1.8e-15 
  -9.8     
  -1.1e-14 
  -1.9e-15 
  -9.8     
  -1.1e-14 
  -1.9e-15 
  -9.8     
  -1.1e-14 
  -1.9e-15 
  -9.8     
  -1.1e-14 
  -1.9e-15 
  -9.8     
  -1.1e-14 
  -2e-15   
  -9.8     
   6.8e-16 
  -1.8e-15 
  -9.8     
   6.8e-16 
  -1.8e-15 
  -9.8     
   6.9e-16 
  -1.8e-15 
  -9.8     
   6.6e-16 
  -1.8e-15 
  -9.8     
   6.3e-16 
  -1.8e-15 
  -9.8     
   6.4e-16 
  -1.8e-15 
  -9.8     
   6.6e-16 
  -1.8e-15 
  -9.8     
   1.8e-15 
  -9.5e-16 
  -9.8     
   1.8e-15 
  -9.5e-16 
  -9.8     
   1.8e-15 
  -9.8e-16 
  -9.8     
   1.8e-15 
  -1e-15   
  -9.8     
   1.7e-15 
  -9.8e-16 
  -9.8     
   1.8e-15 
  -9.5e-16 
  -9.8     
   1.8e-15 
  -9.4e-16 

EFC_FORCE
  -0.028   
  -0.1     
  -0.072   
   0.1     
   0.0064  
  -0.1     
  -0.018   
  -0.00025 
  -0.00025 
   0.011   
  -1.3e-16 
  -1e-17   
   0.0065  
  -1.5e-16 
   1.3e-17 
   0.0099  
  -1.3e-16 
  -4.8e-18 
   0.0053  
  -1.6e-16 
   1.8e-17 
   0.0094  
  -1.4e-16 
  -2.5e-18 
   0.0092  
  -1.4e-16 
  -1.6e-18 
   0.0056  
  -1.5e-16 
   1.7e-17 
   0.0054  
  -1.6e-16 
   1.8e-17 
   0.0064  
  -1.5e-16 
   1.3e-17 
   0.0055  
  -1.6e-16 
   1.8e-17 
   0.0053  
  -1.6e-16 
   1.8e-17 
   0.0044  
  -1.6e-16 
   2.2e-17 
   0.012   
  -1.3e-16 
  -1.3e-17 
   0.011   
  -1.3e-16 
  -8.1e-18 
   0.011   
  -1.3e-16 
  -7.8e-18 
   0.0096  
  -1.4e-16 
  -3.4e-18 
   0.011   
  -1.3e-16 
  -8.6e-18 
   0.011   
  -1.3e-16 
  -7.7e-18 
   0.007   
  -1.5e-16 
   1.1e-17 
   0.0067  
  -1.5e-16 
   1.2e-17 
   0.11    
  -4.8e-16 
  -1.1e-15 
   0.03    
   2.4e-16 
  -1.4e-15 
   0.058   
   3.7e-16 
  -1.1e-15 
   0.057   
   4.1e-16 
  -1.2e-15 
   0.028   
   2e-16   
  -1e-15   
   0.004   
   4.9e-16 
  -1e-15   
   0.017   
   1.9e-15 
  -1.4e-16 
   0.0063  
   2.2e-15 
  -1.4e-16 
   0.011   
   2.2e-15 
  -1.5e-16 
   0.00079 
   2.5e-15 
   2.8e-18 
   0.12    
   2.7e-15 
   3e-16   
   0.027   
   2.2e-15 
   1e-15   
   0.014   
   1.6e-15 
   8.2e-16 
   0.031   
   1.5e-15 
   5.4e-16 
   0.035   
   1.5e-15 
   2.5e-16 
   0.031   
   1.5e-15 
   3.1e-16 
   0.013   
   1.6e-15 
   4.2e-17 
   0.00073 
   1.9e-15 
  -1.4e-16 
   0.0063  
  -8.5e-18 
   1e-17   
   0.0063  
  -8.5e-18 
   1e-17   
   0.016   
  -6.5e-18 
   2.3e-18 
   0.044   
   1.2e-17 
  -2.7e-17 
   0.00044 
   1.5e-18 
   2.2e-17 
   0.019   
   6.8e-18 
  -6.6e-18 
   0.021   
   2.5e-18 
  -1.2e-17 
   0.0063  
  -2.1e-17 
   1.8e-17 
   0.0063  
  -2.1e-17 
   1.8e-17 
   0.016   
  -1.8e-17 
   2.1e-17 
   0.044   
   5.7e-18 
   2.1e-17 
   0.00044 
  -9.6e-18 
   2.5e-17 
   0.019   
  -2.1e-18 
   1.4e-17 
   0.021   
  -6.9e-18 
   1.1e-17 

EFC_STATE
  1
  3
  1
  2
  1
  3
  1
  1
  1
  1
  1
  1
  1
  1
  1
  1
  1
  1
  1
  1
  1
  1
  1
  1
  1
  1
  1
  1
  1
  1
  1
  1
  1
  1
  1
  1
  1
  1
  1
  1
  1
  1
  1
  1
  1
  1
  1
  1
  1
  1
  1
  1
  1
  1
  1
  1
  1
  1
  1
  1
  1
  1
  1
  1
  1
  1
  1
  1
  1
  1
  1
  1
  1
  1
  1
  1
  1
  1
  1
  1
  1
  1
  1
  1
  1
  1
  1
  1
  1
  1
  1
  1
  1
  1
  1
  1
  1
  1
  1
  1
  1
  1
  1
  1
  1
  1
  1
  1
  1
  1
  1
  1
  1
  1
  1
  1
  1
  1
  1
  1
  1
  1
  1
  1
  1
  1
  1
  1
  1
  1
  1
  1
  1
  1
  1
  1
  1
  1
  1
  1
  1
  1
  1
  1
  1
  1
  1
  1
  1
  1
  1
  1
  1
  1
  1
  1
  1
  1
  1
  1
  1
  1
  1
  1
  1

QFRC_CONSTRAINT
  -0.028   
  -0.1     
  -0.072   
   0.1     
   0.0064  
  -0.1     
  -0.018   
  -0.00025 
  -0.00025 
  -9.2e-17 
  -2.9e-15 
   0.16    
  -0.00017 
  -0.0016  
  -1.2e-10 
   6.9e-15 
   1.2e-15 
   0.29    
  -0.00081 
   0.0044  
  -6.9e-09 
  -2.7e-15 
   2.3e-14 
   0.3     
   0.00015 
   0.0041  
  -4.8e-09 
   8.7e-19 
  -7e-19   
   0.11    
   0.00058 
  -3.7e-05 
  -1.4e-09 
  -1.3e-16 
  -7.3e-17 
   0.11    
   0.00058 
  -3.7e-05 
  -1.4e-09 

QFRC_INVERSE
   0       
   0       
   0       
   0       
   0       
   0       
   0       
   0       
   0       
   0       
   0       
   0       
   0       
   0       
   0       
   0       
   0       
   0       
   0       
   0       
   0       
   0       
   0       
   0       
   0       
   0       
   0       
   0       
   0       
   0       
   0       
   0       
   0       
   0       
   0       
   0       
   0       
   0       
   0       

CACC
   0         0         0        -0        -0         9.8     
   0         0         0         0         0         9.8     
   0         0         0         0         0         9.8     
   0         0         0         0         0         9.8     
   0         0         0         0         0         9.8     
   0         0         0         0         0         9.8     
   0         0         0.00051  -1.8e-06   5.2e-05   9.8     
  -0.028     2.5       0.00051   0.1       0.0012    9.6     
  -0.029     2.5       0.0039    0.1       0.0016    9.6     
  -0.19      7.8      -0.015    -1.4      -0.047     9.2     
  -0.2       7.8      -0.014    -1.4      -0.047     9.2     
  -0.14      6.5       0.0038   -1.3      -0.047     8.8     
  -0.14      6.5       0.0015   -1.3      -0.046     8.8     
  -0.14      6.5       0.0015   -1.3      -0.046     8.8     
  -0.14      6.5       0.0015   -1.3      -0.046     8.8     
  -0.14      6.5       0.0015   -1.3      -0.046     8.8     
  -0.14      6.5       0.0015   -1.3      -0.046     8.8     
  -0.14      6.5       0.0015   -1.3      -0.046     8.8     
  -0.14      6.5       0.0015   -1.3      -0.046     8.8     
  -0.14      6.5       0.0015   -1.3      -0.046     8.8     
   0         0         0         0         0         9.8     
   3.3e-12   5.7e-13   4.9e-15  -5.6e-15  -1.7e-13   9.8     
  -6.6e-13   3.6e-12  -1.7e-16   2.3e-13   4.2e-14   9.8     
  -1.5e-11  -1.7e-12  -3e-15    -8.8e-14   7.5e-13   9.8     
   3.7e-14  -3.6e-14   2.2e-16   7.4e-17  -6.1e-17   9.8     
   6.9e-13  -1.3e-12   5.4e-16  -1.1e-14  -6.3e-15   9.8     

CFRC_INT
  -0.48      11       -0.018     0.29     -0.12      5.1e+02 
   0         0         0         0         0         0       
  -0.2      -0.15      5.5e-15   3.9e-15   2.1e-14   3.4e+02 
  -0.2      -0.15      5.5e-15   3.9e-15   2.1e-14   3.4e+02 
  -0.28      11       -0.018     0.29     -0.12      1.7e+02 
  -0.28      11       -0.018     0.29     -0.12      1.7e+02 
  -0.13      7.2      -0.018     0.29     -0.12      1.3e+02 
  -0.029     4.2      -0.018     0.29     -0.12      1e+02   
   0.092    -0.13     -0.02     -0.46     -0.13      74      
   0.16     -3.1      -0.023    -1.8      -0.14      54      
   0.19     -5.3      -0.019    -3.4      -0.16      36      
   0.14     -4.5      -0.011    -3.6      -0.13      20      
   0.045    -1.7      -0.0068   -2.5      -0.083     10      
   0.017    -0.92     -0.0057   -1.9      -0.06      6.7     
  -0.0092   -0.12     -0.0045   -1.2      -0.036     3.4     
   0         0         0         0         0         0       
  -0.027    -0.091    -0.01     -0.23     -0.007     0.72    
  -0.0041    0.045    -0.001    -0.021    -0.00064   0.066   
   0.032    -0.088     0.0084   -0.23     -0.007     0.73    
   0.0023    0.045     0.001    -0.021    -0.00064   0.066   
   0         0         0         0         0         0       
   1.8e-17  -1.3e-17   4.9e-21  -3.2e-20   3.2e-21  -2.8e-17 
  -2.4e-17   9.4e-18   2.5e-22   4.2e-20   1e-19     0       
  -1.4e-17  -8e-19    -3e-21    -3.5e-21   2.8e-20   0       
   2e-18    -3.9e-18   2e-22    -1.1e-20  -3.4e-21  -5.6e-17 
   2.5e-18  -2e-18     5.1e-22  -6e-21    -6.8e-21  -6.9e-17 

CFRC_EXT
   0         0         0         0         0         0       
   0         0         0         0         0         0       
   0         0         0         0         0         0       
   0.2       0.15     -5.5e-15  -3.9e-15  -2.1e-14  -0.98    
   0         0         0         0         0         0       
   0         0         0         0         0         0       
   0         0         0         0         0         0       
   0         0         0         0         0         0       
   0         0         0         0         0         0       
   0         0         0         0         0         0       
   0         0         0         0         0         0       
   0         0         0         0         0         0       
   0         0         0         0         0         0       
   0         0         0         0         0         0       
   0         0         0         0         0         0       
   0         0         0         0         0         0       
   0         0         0         0         0         0       
   0         0         0         0         0         0       
   0         0         0         0         0         0       
   0         0         0         0         0         0       
   0         0         0         0         0         0       
   9.9e-17   2.6e-17  -9.5e-19  -9.2e-17  -2.9e-15   0.16    
  -1.7e-17   2e-16     2.6e-18   6.9e-15   1.2e-15   0.29    
  -8.8e-16  -7.8e-17   2.4e-18  -2.7e-15   2.3e-14   0.3     
  -1.5e-18   3.1e-18   9.6e-21   8.7e-19  -7e-19     0.11    
   6.3e-18  -1.7e-17   9.7e-20  -1.3e-16  -7.3e-17   0.11    

